Item Type,Product ID,Product Name,Brand Name,Price,Retail Price,Sale Price,Product Description,Product Code/SKU,Bin Picking Number,Category,Option Set,Product Availability,Current Stock Level,Free Shipping,Sort Order,Meta Description,Page Title,Product Image Description - 1,Product Image Is Thumbnail - 1,Track Inventory,Product Image Sort - 1,Product Image Sort - 2,Product Image Sort - 3,Product Image Sort - 4,Product Image Sort - 5,Product Image Sort - 6,Product Image Sort - 7,Product Image Sort - 8,Product Image File - 1,Product Image File - 2,Product Image File - 3,Product Image File - 4,Product Image File - 5 ,Product Image File - 6,Product Image File - 7,Product Image File - 8
Product,,AB Blaster,Magic Home Gym,"Rs 4,700.00","Rs 4,700.00","Rs 3,800.00","<div id=""tab-description"" class=""tab-content""><p>
	The Ab Blaster Situp Board Provides A Serious Ab Workout By Locking The Knees And Isolating The Ab Muscles. Perform A Range Of Highly Effective Workouts To Tone The Abs And Obliques, See Visible Results In Days. Adjustable Knee Lock Rollers Ensure That The Product Can Be Used By Multiple Users. Folding Design Makes The Product Compact For Storage After Use. High Quality Construction. Excellent After Sales Service.</p>
<p>
	Features:</p>
<ul>
	<li>
		Serious Ab Workout</li>
	<li>
		Adjustable Knee Locks</li>
	<li>
		Visible Results In Days</li>
	<li>
		Folding Compact Design<br>
		 </li>
</ul>
</div><div id=""tab-attribute"" class=""tab-content"">
    <table class=""attribute"">
            <thead>
        <tr>
          <td colspan=""2"">General</td>
        </tr>
      </thead>
      <tbody>
                <tr>
          <td>General</td>
          <td>Dimensions LXBXH= 24X10X20 inches
Strong steel construction, epoxy powder coating finish. Thick cushion padding on seat, foam rollers for knee support. Shipped nearly assembled. No special assembly required.
</td>
        </tr>
              </tbody>
          </table>
  </div>",AB BlasterMGCHGYM,MAGICHOMEGYM,CORE and AB Trainers,AB Blaster,7-12 Working Days,100,N,-200,Buy AB Blaster Online in India at LiveYourSport.com| Free Shipping and Massive Discounts,Buy AB Blaster Online in India at LiveYourSport.com| Free Shipping and Massive Discounts,Buy AB Blaster Online in India at LiveYourSport.com| Free Shipping and Massive Discounts,Y,By Product,1,2,3,4,5,6,7,8,http://magichomegym.com/image/cache/data/Ab-Blaster/ab1-500x500.jpg,http://magichomegym.com/image/cache/data/Ab-Blaster/ab2-500x500.jpg
Product,,Pulley Core Trainer,Magic Home Gym,"Rs 5,900.00","Rs 5,900.00","Rs 3,900.00","<div id=""tab-description"" class=""tab-content""><p style=""margin-left:-4.5pt;"">
	The Pulley Core trainer provides a full body workout, improves balance and tones muscles. The Core trainer can also be used to perform a series of single arm workouts by suspending suitable weights like plates, sand bag, etc. Can be harnessed to the pull up bar as well as any strong door with the special purpose door anchor.</p>
</div><div id=""tab-attribute"" class=""tab-content"">
    <table class=""attribute"">
            <thead>
        <tr>
          <td colspan=""2"">General</td>
        </tr>
      </thead>
      <tbody>
                <tr>
          <td>General</td>
          <td>Strong 6 mm steel cable with fiber reinforced heavy duty pulley. Door anchor provided. Foam padded grips for added comfort.</td>
        </tr>
              </tbody>
          </table>
  </div>",PCTMGCHGYM,MAGICHOMEGYM,Pull Up Bars,Pulley Core Trainer,7-12 Working Days,100,N,-200,Buy Pulley Core Trainer Online in India at LiveYourSport.com| Free Shipping and Massive Discounts,Buy Pulley Core Trainer Online in India at LiveYourSport.com| Free Shipping and Massive Discounts,Buy Pulley Core Trainer Online in India at LiveYourSport.com| Free Shipping and Massive Discounts,Y,By Product,1,2,3,4,5,6,7,8,http://magichomegym.com/image/cache/data/Pull Up Bar with Pulley Core Trainer/pubpct3-500x500.jpg
Product,, Pull Up Bar With Suspension Trainer,Magic Home Gym,"Rs 12,700.00","Rs 12,700.00","Rs 5,500.00","<div id=""tab-description"" class=""tab-content""><p>
	The original wall mounted <strong><a href=""http://magichomegym.com/pull-up-bars"">Pull Up Bar</a></strong>  is a very rugged and heavy duty gadget for a serious upper body workout. The <strong><a href=""http://magichomegym.com/pull-up-bars"">Pull Up Bar</a></strong> is scientifically designed to ensure maximum results. The Biomechanical design includes horizontal grips bent at a 15 degrees angle while the parallel grips are bent at 5 degrees angle. This is the only product on the market with these superior design features. The 3 feet bar is SINGLE PIECE for maximum strength. All conventional products have a two piece bar that compromises the strength of the product. </p>
<p>
	This bar is mounted on the wall with special ""wall anchor bolts"" that are supplied with the product.</p>
<p>
	Once mounted on the wall the bar can support a user weight of well over 100 Kgs.</p>
<p>
	This bar can be mounted at a suitable height so that the user can get a complete body stretch. </p>
<p>
	This pull up bar is ideal for all ages. A must for growing kids and adults alike.</p>
<p>
	The product is made from high grade mild steel and is powder coated for a superior finish.</p>
<p>
	<span style=""font-size:14px;""><strong>Suspension Trainer</strong></span></p>
<p>
	The Suspension Trainer is designed to provide a full body core workout. The trainer can be harnessed to the pull up bar or any other anchor point. The suspension trainer also has a ""door anchor"" that fits to any door.</p>
<p>
	This product combination will ensure that all muscle groups of the body are worked out and toned in a scientific manner.</p>
<p>
	This product combination will tone your muscles, correct posture and also help reduce weight. This is an ideal home workout solution for the entire family including growing children.</p>
<p>
	In addition to these we are offering huge type of pull up bars like wall mountened, top pulley, with ab straps, with benche press etc.</p>
<p>
	<strong>Please call 9880464602 for further details</strong></p>
</div><div id=""tab-attribute"" class=""tab-content"">
    <table class=""attribute"">
            <thead>
        <tr>
          <td colspan=""2"">General</td>
        </tr>
      </thead>
      <tbody>
                <tr>
          <td>General</td>
          <td>Main Rod – 36 inches, Brackets – 22 inches from wall. .Wall installation required - Wall anchors, spanner and manual included. 
Suspension Trainer

Thick straps with cam buckle height adjustment up to 6 feet per side. System. Padded grips for added comfort.  
</td>
        </tr>
              </tbody>
          </table>
  </div>",PUBSTMGCHGYM,MAGICHOMEGYM,Pull Up Bars, Pull Up Bar With Suspension Trainer,7-12 Working Days,100,N,-200,Buy  Pull Up Bar With Suspension Trainer Online in India at LiveYourSport.com| Free Shipping and Massive Discounts,Buy  Pull Up Bar With Suspension Trainer Online in India at LiveYourSport.com| Free Shipping and Massive Discounts,Buy  Pull Up Bar With Suspension Trainer Online in India at LiveYourSport.com| Free Shipping and Massive Discounts,Y,By Product,1,2,3,4,5,6,7,8,http://magichomegym.com/image/cache/data/ Pull Up Bar With Suspension Trainer/pub-suspension-trainer-500x500.jpg,http://magichomegym.com/image/cache/data/ Pull Up Bar With Suspension Trainer/pub-suspension-trainer1-500x500.jpg
Product,,Pull Up Bar With Pulley Core Trainer,Magic Home Gym,"Rs 12,900.00","Rs 12,900.00","Rs 5,800.00","<div id=""tab-description"" class=""tab-content""><p style=""margin-left:-4.5pt;"">
	The Pull Up Bar With Pulley Core Trainer is a unique combination of a serious upper body workout and rotational CORE training . The heavy duty wall mounted biomechanically correct pull up bar is ideal for strength training and improving posture. It is a great device for youngsters to improve height.</p>
<p style=""margin-left:-4.5pt;"">
	The Pulley Core trainer provides a full body workout, improves balance and tones muscles. The Core trainer can also be used to perform a series of single arm workouts by suspending suitable weights like plates, sand bag, etc. Can be harnessed to the pull up bar as well as any strong door with the special purpose door anchor.</p>
</div><div id=""tab-attribute"" class=""tab-content"">
    <table class=""attribute"">
            <thead>
        <tr>
          <td colspan=""2"">General</td>
        </tr>
      </thead>
      <tbody>
                <tr>
          <td>General</td>
          <td>Pull Up Bar- Main Rod – 36 inches, Brackets – 22 inches from wall. .Wall installation required - Wall anchors, spanner and manual included.

Pulley Core Trainer- Strong 6 mm steel cable with fiber reinforced heavy duty pulley. Door anchor provided. Foam padded grips for added comfort.
</td>
        </tr>
              </tbody>
          </table>
  </div>",PUBPTMGCHGYM,MAGICHOMEGYM,Pull Up Bars,Pull Up Bar With Pulley Core Trainer,7-12 Working Days,100,N,-200,Buy Pull Up Bar With Pulley Core Trainer Online in India at LiveYourSport.com| Free Shipping and Massive Discounts,Buy Pull Up Bar With Pulley Core Trainer Online in India at LiveYourSport.com| Free Shipping and Massive Discounts,Buy Pull Up Bar With Pulley Core Trainer Online in India at LiveYourSport.com| Free Shipping and Massive Discounts,Y,By Product,1,2,3,4,5,6,7,8,http://magichomegym.com/image/cache/data/Pull Up Bar with Pulley Core Trainer/pubpct1-500x500.jpg,http://magichomegym.com/image/cache/data/Pull Up Bar with Pulley Core Trainer/pubpct2-500x500.jpg,http://magichomegym.com/image/cache/data/Pull Up Bar with Pulley Core Trainer/pubpct3-500x500.jpg
Product,,Power Tower Home Gym,Magic Home Gym,"Rs 15,500.00","Rs 15,500.00","Rs 14,300.00","<div id=""tab-description"" class=""tab-content""><p>
	The Power Tower is a great full body workout system. The tower has a free standing pull up bar, parallel bars, push up bar and a sit up bar attachment. The power tower system provides a serious workout to all major muscle groups of the body.</p>
<p>
	This product can be used by the entire family. A great product for adults to tone and sculpt their bodies and also for growing children to improve height .</p>
<p>
	The product is easy to set up and comes with a manual and tools. Set up time – 20  mins.</p>
<p>
	Product is flat packed and ships to your doorstep.</p>
</div><div id=""tab-attribute"" class=""tab-content"">
    <table class=""attribute"">
            <thead>
        <tr>
          <td colspan=""2"">General</td>
        </tr>
      </thead>
      <tbody>
                <tr>
          <td>Height</td>
          <td>86 Inches</td>
        </tr>
                <tr>
          <td>Width</td>
          <td>24 Inches</td>
        </tr>
                <tr>
          <td>Depth</td>
          <td>50 Inches</td>
        </tr>
                <tr>
          <td>Construction</td>
          <td>Heavy 14 gauge sections. Epoxy powder coated finish.</td>
        </tr>
              </tbody>
          </table>
  </div>",Power Tower Home GymMGCHGYM,MAGICHOMEGYM,Pull Up Bars,Power Tower Home Gym,7-12 Working Days,100,N,-200,Buy Power Tower Home Gym Online in India at LiveYourSport.com| Free Shipping and Massive Discounts,Buy Power Tower Home Gym Online in India at LiveYourSport.com| Free Shipping and Massive Discounts,Buy Power Tower Home Gym Online in India at LiveYourSport.com| Free Shipping and Massive Discounts,Y,By Product,1,2,3,4,5,6,7,8,http://magichomegym.com/image/cache/data/TowerHomeGym/towerhomegym2-500x500.jpg,http://magichomegym.com/image/cache/data/TowerHomeGym/towerhomegym1-500x500.jpg
Product,,Power Tower with Bench Press,Magic Home Gym,"Rs 18,500.00","Rs 18,500.00","Rs 16,500.00","<div id=""tab-description"" class=""tab-content""><p>
	This is a full body workout system that uses natural body weight for resistance. This system has a free standing pull up bar, parallel bars, push up handles and a bench press attachment. This system will work out on all major muscle groups of the body. The product does not require bolting to the ground.</p>
<p>
	The Power Tower can be used by the entire family. A great system for a serious upper body workout ,and also to increase height in youngsters.</p>
<p>
	The bench will fold flat for easy storage when not in use.</p>
<p>
	<strong>Note </strong>– Weight plates and Rods shown are for illustration purpose only – not part of the offer.</p>
</div><div id=""tab-attribute"" class=""tab-content"">
    <table class=""attribute"">
            <thead>
        <tr>
          <td colspan=""2"">General</td>
        </tr>
      </thead>
      <tbody>
                <tr>
          <td>General</td>
          <td>Power Tower Dimensions – LXBXH = 50X38X84 inches ( Floor space 50X27 inches)

Bench Dimensions – LXBXH = 56X11X20 inches. Floor space 56X 11 inches)

Strong 2 inch tubular frame, durable foam cladding on bench.

Product weight 60 Kgs.

Ships flat packed – assembly required, tool kit and assembly manual provided. Assembly time – 20 minutes.
</td>
        </tr>
              </tbody>
          </table>
  </div>",Power Tower with Bench PressMGCHGYM,MAGICHOMEGYM,Pull Up Bars,Power Tower with Bench Press,7-12 Working Days,100,N,-200,Buy Power Tower with Bench Press Online in India at LiveYourSport.com| Free Shipping and Massive Discounts,Buy Power Tower with Bench Press Online in India at LiveYourSport.com| Free Shipping and Massive Discounts,Buy Power Tower with Bench Press Online in India at LiveYourSport.com| Free Shipping and Massive Discounts,Y,By Product,1,2,3,4,5,6,7,8,http://magichomegym.com/image/cache/data/Power Tower with bench press/pthg1-500x500.jpg,http://magichomegym.com/image/cache/data/Power Tower with bench press/pthg2-500x500.jpg,http://magichomegym.com/image/cache/data/Power Tower with bench press/pthg3-500x500.jpg,http://magichomegym.com/image/cache/data/Power Tower with bench press/pthg4-500x500.jpg,http://magichomegym.com/image/cache/data/Power Tower with bench press/pthg5-500x500.jpg
Product,,Pull Up Bar With Ab Straps,Magic Home Gym,"Rs 5,250.00","Rs 5,250.00","Rs 3,250.00","<div id=""tab-description"" class=""tab-content""><ul>
	<li>
		Heavy duty, biomechanically correct design pull up bar. Long bar bent at 14 degrees and parallel grips bent at 5 degrees to relieve stress in the wrists while working out.</li>
	<li>
		Padded Ab Straps with Hooks- can be suspended on the long rod or the parallel grips.</li>
	<li>
		Special Wall anchor bolts provided.</li>
	<li>
		Pull up bar is one unit and has no joints, making it very sturdy.</li>
	<li>
		Serious upper and mid body workout.</li>
</ul>
</div><div id=""tab-attribute"" class=""tab-content"">
    <table class=""attribute"">
            <thead>
        <tr>
          <td colspan=""2"">General</td>
        </tr>
      </thead>
      <tbody>
                <tr>
          <td>General</td>
          <td>Main Rod – 36 inches, Brackets – 22 inches from wall. .Wall installation required - Wall anchors, spanner and manual included. AB Straps have foam padding for comfort. Strong S Hooks to suspend the straps. Product weight – 6 kgs</td>
        </tr>
              </tbody>
          </table>
  </div>",PUBASMGCHGYM,MAGICHOMEGYM,Pull Up Bars,Pull Up Bar With Ab Straps,7-12 Working Days,100,N,-200,Buy Pull Up Bar With Ab Straps Online in India at LiveYourSport.com| Free Shipping and Massive Discounts,Buy Pull Up Bar With Ab Straps Online in India at LiveYourSport.com| Free Shipping and Massive Discounts,Buy Pull Up Bar With Ab Straps Online in India at LiveYourSport.com| Free Shipping and Massive Discounts,Y,By Product,1,2,3,4,5,6,7,8,http://magichomegym.com/image/cache/data/Pull Up Bar With Ab Straps/pbar-ab-straps-500x500.jpg,http://magichomegym.com/image/cache/data/Pull Up Bar With Ab Straps/pbar-ab-straps2-500x500.jpg,http://magichomegym.com/image/cache/data/Pull Up Bar With Ab Straps/pbar-ab-straps1-500x500.jpg
Product,,Pull Up Bar with Top Pulley,Magic Home Gym,"Rs 5,670.00","Rs 5,670.00","Rs 3,700.00","<div id=""tab-description"" class=""tab-content""><ul>
	<li>
		Combination of Pull Up Bar and top Pulley. Attach plates or dumbbell to the cable for top pulley  resistance workouts. Ideal for triceps, shoulders, chest etc. The pulley bracket can be moved to one side when used for pull ups. Cable can be removed after workout.</li>
	<li>
		Biomechanical Safe design- long bar bent at 14 degrees and parallel grips bent at 5 degrees to relieve stress in the wrists while working out.</li>
	<li>
		Single piece rod, no joints. Heavy duty</li>
	<li>
		Cable with hook, short bar, strap handle and chain included.</li>
</ul>
</div><div id=""tab-attribute"" class=""tab-content"">
    <table class=""attribute"">
            <thead>
        <tr>
          <td colspan=""2"">General</td>
        </tr>
      </thead>
      <tbody>
                <tr>
          <td>General</td>
          <td>Main Rod – 36 inches, Brackets – 22 inches from wall. 6 mm steel cable with hook. Fiber reinforced heavy duty pulley. Wall installation required - Wall anchors, spanner and manual included. Product weight – 7.5 kgs</td>
        </tr>
              </tbody>
          </table>
  </div>",Pull Up Bar with Top PulleyMGCHGYM,MAGICHOMEGYM,Pull Up Bars,Pull Up Bar with Top Pulley,7-12 Working Days,100,N,-200,Buy Pull Up Bar with Top Pulley Online in India at LiveYourSport.com| Free Shipping and Massive Discounts,Buy Pull Up Bar with Top Pulley Online in India at LiveYourSport.com| Free Shipping and Massive Discounts,Buy Pull Up Bar with Top Pulley Online in India at LiveYourSport.com| Free Shipping and Massive Discounts,Y,By Product,1,2,3,4,5,6,7,8,http://magichomegym.com/image/cache/data/Pull Up Bar with Top Pulley/pllback-plly-500x500.jpg,http://magichomegym.com/image/cache/data/Pull Up Bar with Top Pulley/pllback-plly3-500x500.jpg,http://magichomegym.com/image/cache/data/Pull Up Bar with Top Pulley/pllback-plly2-500x500.jpg,http://magichomegym.com/image/cache/data/Pull Up Bar with Top Pulley/pllback-plly1-500x500.jpg
Product,,Pull Up Bar Wall Mounted – Biomechanical Safe Design – Heavy Duty Model,Magic Home Gym,"Rs 2,900.00","Rs 2,900.00","Rs 2,500.00","<div id=""tab-description"" class=""tab-content""><ul>
	<li>
		Biomechanical safe design- long bar bent at 14 degrees and parallel grips bent at 5 degrees to relieve stress in the wrists while working out.</li>
	<li>
		Wall mounted for heavy duty workout.</li>
	<li>
		Single piece rod, no joints.</li>
	<li>
		100 kgs capacity</li>
	<li>
		Wall anchors, spanner and manual included</li>
</ul>
</div><div id=""tab-attribute"" class=""tab-content"">
    <table class=""attribute"">
            <thead>
        <tr>
          <td colspan=""2"">General</td>
        </tr>
      </thead>
      <tbody>
                <tr>
          <td>General</td>
          <td>Main Rod – 36 inches, Brackets – 22 inches from wall
Product weight – 5 kgs
</td>
        </tr>
              </tbody>
          </table>
  </div>",PUB 82MGCHGYM,MAGICHOMEGYM,Pull Up Bars,Pull Up Bar Wall Mounted – Biomechanical Safe Design – Heavy Duty Model,7-12 Working Days,100,N,-200,Buy Pull Up Bar Wall Mounted – Biomechanical Safe Design – Heavy Duty Model Online in India at LiveYourSport.com| Free Shipping and Massive Discounts,Buy Pull Up Bar Wall Mounted – Biomechanical Safe Design – Heavy Duty Model Online in India at LiveYourSport.com| Free Shipping and Massive Discounts,Buy Pull Up Bar Wall Mounted – Biomechanical Safe Design – Heavy Duty Model Online in India at LiveYourSport.com| Free Shipping and Massive Discounts,Y,By Product,1,2,3,4,5,6,7,8,http://magichomegym.com/image/cache/data/Biomechanical Safe Design /wallmt1-500x500.jpg,http://magichomegym.com/image/cache/data/Biomechanical Safe Design /wmgtxcxc-500x500.jpg,http://magichomegym.com/image/cache/data/Biomechanical Safe Design /wmgt-500x500.jpg
Product,,Wall Mounted Pull Up Bar,Magic Home Gym,"Rs 3,500.00","Rs 3,500.00","Rs 2,400.00","<div id=""tab-description"" class=""tab-content""><p>
	Wall mounted Pull Bar Consists of two wall mounts that are secured to the wall using 4 wall anchor bolts each.  A horizontal bar rests on these mounts to complete the assembly. The product has a rated user weight capacity of 100 kgs. This product is mounted on  brick or concrete block walls. This product can also be mounted on pure concrete walls. Wall anchor bolts and spanner is provided with the kit. Assembly manual is provided with the product.</p>
</div><div id=""tab-attribute"" class=""tab-content"">
    <table class=""attribute"">
            <thead>
        <tr>
          <td colspan=""2"">General</td>
        </tr>
      </thead>
      <tbody>
                <tr>
          <td>General</td>
          <td>Dimensions – LXBXH = 36X20X6 inches (when assembled)
Product is constructed from high grade mild steel.
The product is flat packed for shipping.
</td>
        </tr>
              </tbody>
          </table>
  </div>",Wall Mounted Pull Up BarMGCHGYM,MAGICHOMEGYM,Pull Up Bars,Wall Mounted Pull Up Bar,7-12 Working Days,100,N,-200,Buy Wall Mounted Pull Up Bar Online in India at LiveYourSport.com| Free Shipping and Massive Discounts,Buy Wall Mounted Pull Up Bar Online in India at LiveYourSport.com| Free Shipping and Massive Discounts,Buy Wall Mounted Pull Up Bar Online in India at LiveYourSport.com| Free Shipping and Massive Discounts,Y,By Product,1,2,3,4,5,6,7,8,http://magichomegym.com/image/cache/data/Pull Up Bar Wall Mounted/pubwmq-500x500.jpg,http://magichomegym.com/image/cache/data/Pull Up Bar Wall Mounted/pzxubwmq-500x500.jpg,http://magichomegym.com/image/cache/data/Pull Up Bar Wall Mounted/pubwmqcc-500x500.jpg
Product,,Multi Grip Heavy Duty Pull Up Bar,Magic Home Gym,"Rs 5,900.00","Rs 5,900.00","Rs 4,700.00","<div id=""tab-description"" class=""tab-content""><p>
	The multi Grip Pull Up Bar from Home Gym Dynamics is designed to provide a serious upper body workout. There are 4 grips on the bar that will stimulate the all major muscle groups of the upper body from all possible angles.This bar guarantees proffessional results within weeks of usage. The product is wall mounted with special ""wall anchors"" that are provided in the package along with spanners.</p>
<p>
	Features:</p>
<ul>
	<li>
		Multiple Grips</li>
	<li>
		Proffessional Results</li>
	<li>
		Serious Upper Body Workout</li>
	<li>
		Wall Mounted</li>
	<li>
		Heavy Duty</li>
	<li>
		Wall Anchores Provided</li>
</ul>
</div><div id=""tab-attribute"" class=""tab-content"">
    <table class=""attribute"">
            <thead>
        <tr>
          <td colspan=""2"">General</td>
        </tr>
      </thead>
      <tbody>
                <tr>
          <td>General</td>
          <td>
Main rod distance from wall  = 20 inches.  
Strong steel construction, epoxy powder coating finish. Eight wall anchor bolts provided for installation. Wall installation required.Installation chart and spanner provided</td>
        </tr>
              </tbody>
          </table>
  </div>",Multi Grip Heavy Duty Pull Up BarMGCHGYM,MAGICHOMEGYM,Pull Up Bars,Multi Grip Heavy Duty Pull Up Bar,7-12 Working Days,100,N,-200,Buy Multi Grip Heavy Duty Pull Up Bar Online in India at LiveYourSport.com| Free Shipping and Massive Discounts,Buy Multi Grip Heavy Duty Pull Up Bar Online in India at LiveYourSport.com| Free Shipping and Massive Discounts,Buy Multi Grip Heavy Duty Pull Up Bar Online in India at LiveYourSport.com| Free Shipping and Massive Discounts,Y,By Product,1,2,3,4,5,6,7,8,http://magichomegym.com/image/cache/data/Multi Grip Heavy/mgh1-500x500.jpg,http://magichomegym.com/image/cache/data/Multi Grip Heavy/mgh2-500x500.jpg
Product,,Turbo Bench – 5 in 1 Home Gym,Magic Home Gym,"Rs 18,500.00","Rs 18,500.00","Rs 16,450.00","<div id=""tab-description"" class=""tab-content""><p>
	The Turbo Bench Home Gym is a complete workout solution that combines the benefits of plate weight resistance and free weights.</p>
<p>
	The gym has the following stations:</p>
<p>
	1.5 position workout bench 2.Preacher Curl  3.Leg Curl  4.Bench Press and 5. Top Pulley.</p>
<p>
	All stations are easily removable . The main bench can be folded for storage when not in use.</p>
<p>
	Bench – Can be used as a flat bench or in 5 incline positions. User friendly pin locking system. Thick contoured padding.</p>
<p>
	Preacher Curl- 3 position height adjustment to all users. Adequate padding for good under arm support. Has a removable rod cradle.</p>
<p>
	Leg Curl – Foam rollers for good foot support. Plate loaded resistance.</p>
<p>
	Bench Press- Can be used as a flat and inclined bench press. Two positions for rod cradle.</p>
<p>
	Top Pulley- Has two fiber reinforced double bearing pulleys and a strong 6 mm steel cable. Will have a long rod, short rod, extension chain and single arm strap handle for a variety of workouts. Plate load capacity – 60 Kgs  </p>
<p>
	All parts are fabricated from a strong 1.5 inch tubular section that will last a lifetime.</p>
<p>
	Note – Weight plates and Rods shown are for illustration purpose only – not part of the offer.</p>
</div><div id=""tab-attribute"" class=""tab-content"">
    <table class=""attribute"">
            <thead>
        <tr>
          <td colspan=""2"">General</td>
        </tr>
      </thead>
      <tbody>
                <tr>
          <td>General</td>
          <td>Fully assembled dimensions – LXBXH 74X 20X 74 inches Bench:  LXBXH – 64X11X20 inches . Top Pulley attachment: Height – 74 inches. Preacher Curl Pad- 19X11 inches.

1.5 inch tubular section frame. 6 mm steel cable.

Assembly required – tool kit and assembly manual provided</td>
        </tr>
                <tr>
          <td>Packing</td>
          <td>Flat packed. </td>
        </tr>
              </tbody>
          </table>
  </div>",Turbo Bench – 5 in 1 Home GymMGCHGYM,MAGICHOMEGYM,Benches,Turbo Bench – 5 in 1 Home Gym,7-12 Working Days,100,N,-200,Buy Turbo Bench – 5 in 1 Home Gym Online in India at LiveYourSport.com| Free Shipping and Massive Discounts,Buy Turbo Bench – 5 in 1 Home Gym Online in India at LiveYourSport.com| Free Shipping and Massive Discounts,Buy Turbo Bench – 5 in 1 Home Gym Online in India at LiveYourSport.com| Free Shipping and Massive Discounts,Y,By Product,1,2,3,4,5,6,7,8,http://magichomegym.com/image/cache/data/Turbo Bench – 5 in 1 Home Gym/turbo-bench-5-1-access-500x500.jpg,http://magichomegym.com/image/cache/data/Turbo Bench – 5 in 1 Home Gym/turbo-bench-5-1-500x500.jpg,http://magichomegym.com/image/cache/data/Turbo Bench – 5 in 1 Home Gym/turbo-ben-500x500.jpg,http://magichomegym.com/image/cache/data/Turbo Bench – 5 in 1 Home Gym/turbo-bench-fill-bench-500x500.jpg,http://magichomegym.com/image/cache/data/Turbo Bench – 5 in 1 Home Gym/turbo-bench-bench-500x500.jpg
Product,,EZ Curl Bar with locks,Magic Home Gym,"Rs 1,250.00","Rs 1,250.00",Rs 950.00,"<div id=""tab-description"" class=""tab-content""><p style=""margin-left:-4.5pt;"">
	Multiple grips on the EZ Curl bar are extremely effective in isolating and toning specific muscles of the arms, chest and shoulders. This product can be used with or without a preacher curl bench. Ring locks at both ends.</p>
</div>",EZ36MGCHGYM,MAGICHOMEGYM,Accessories,EZ Curl Bar with locks,7-12 Working Days,100,N,-200,Buy EZ Curl Bar with locks Online in India at LiveYourSport.com| Free Shipping and Massive Discounts,Buy EZ Curl Bar with locks Online in India at LiveYourSport.com| Free Shipping and Massive Discounts,Buy EZ Curl Bar with locks Online in India at LiveYourSport.com| Free Shipping and Massive Discounts,Y,By Product,1,2,3,4,5,6,7,8,http://magichomegym.com/image/cache/data/tt8t5tpj-500x500.jpg
Product,,Straight Rod – 5 feet,Magic Home Gym,"Rs 1,450.00","Rs 1,450.00","Rs 1,250.00","<div id=""tab-description"" class=""tab-content""><p style=""margin-left:-4.5pt;"">
	Ideal for free weight training and also for bench press, squats etc. Comes with ring locks at both ends</p>
</div><div id=""tab-attribute"" class=""tab-content"">
    <table class=""attribute"">
            <thead>
        <tr>
          <td colspan=""2"">General</td>
        </tr>
      </thead>
      <tbody>
                <tr>
          <td>General</td>
          <td>Length- 60 inches, weight – 7 kgs approx. Two ring locks as standard.</td>
        </tr>
              </tbody>
          </table>
  </div>",SR60MGCHGYM,MAGICHOMEGYM,Accessories,Straight Rod – 5 feet,7-12 Working Days,100,N,-200,Buy Straight Rod – 5 feet Online in India at LiveYourSport.com| Free Shipping and Massive Discounts,Buy Straight Rod – 5 feet Online in India at LiveYourSport.com| Free Shipping and Massive Discounts,Buy Straight Rod – 5 feet Online in India at LiveYourSport.com| Free Shipping and Massive Discounts,Y,By Product,1,2,3,4,5,6,7,8,http://magichomegym.com/image/cache/data/nj2gucyx-500x500.jpg
Product,,Leather Gym Gloves,Magic Home Gym,Rs 650.00,Rs 650.00,Rs 450.00,"<div id=""tab-description"" class=""tab-content""><p style=""margin-left:-4.5pt;"">
	Genuine leather gloves with extra thick padding for a comfortable grip. Universal size with extra-long straps.</p>
</div><div id=""tab-attribute"" class=""tab-content"">
    <table class=""attribute"">
            <thead>
        <tr>
          <td colspan=""2"">General</td>
        </tr>
      </thead>
      <tbody>
                <tr>
          <td>General</td>
          <td>Black colour.Genuine leather gloves with extra thick padding for a comfortable grip. Universal size with extra-long straps.</td>
        </tr>
              </tbody>
          </table>
  </div>",GL15MGCHGYM,MAGICHOMEGYM,Accessories,Leather Gym Gloves,7-12 Working Days,100,N,-200,Buy Leather Gym Gloves Online in India at LiveYourSport.com| Free Shipping and Massive Discounts,Buy Leather Gym Gloves Online in India at LiveYourSport.com| Free Shipping and Massive Discounts,Buy Leather Gym Gloves Online in India at LiveYourSport.com| Free Shipping and Massive Discounts,Y,By Product,1,2,3,4,5,6,7,8,http://magichomegym.com/image/cache/data/y9cceqgv-500x500.jpg
Product,,Dumbbell Rod Set,Magic Home Gym,Rs 999.00,Rs 999.00,Rs 750.00,"<div id=""tab-description"" class=""tab-content""><p style=""margin-left:-4.5pt;"">
	The dumbbell rod set consists of two 14 inch rods with hex locking nuts. The knurled grip prevents the rod from slipping when held with moist hands. Compatible with standard 25mm and 27 mm bore weight plates.</p>
</div><div id=""tab-attribute"" class=""tab-content"">
    <table class=""attribute"">
            <thead>
        <tr>
          <td colspan=""2"">General</td>
        </tr>
      </thead>
      <tbody>
                <tr>
          <td>General</td>
          <td>Length -14 inches, weight 750 grams each. Hexagonal locking nuts.</td>
        </tr>
              </tbody>
          </table>
  </div>",DRS14MGCHGYM,MAGICHOMEGYM,Accessories,Dumbbell Rod Set,7-12 Working Days,100,N,-200,Buy Dumbbell Rod Set Online in India at LiveYourSport.com| Free Shipping and Massive Discounts,Buy Dumbbell Rod Set Online in India at LiveYourSport.com| Free Shipping and Massive Discounts,Buy Dumbbell Rod Set Online in India at LiveYourSport.com| Free Shipping and Massive Discounts,Y,By Product,1,2,3,4,5,6,7,8,http://magichomegym.com/image/cache/data/rolnpjp4-500x500.jpg
Product,,Door sit up bar,Magic Home Gym,Rs 899.00,Rs 899.00,Rs 699.00,"<div id=""tab-description"" class=""tab-content""><p>
	The door sit up bar from Magic Home Gym is a excellent device to tone your Abs. The product is made of high quality materials to last a lifetime. The adjustable foot anchor rod is designed to provide a firm grip to your feet while working out.</p>
</div><div id=""tab-attribute"" class=""tab-content"">
    <table class=""attribute"">
            <thead>
        <tr>
          <td colspan=""2"">General</td>
        </tr>
      </thead>
      <tbody>
                <tr>
          <td>Length</td>
          <td>10.5 inches</td>
        </tr>
                <tr>
          <td>Quality</td>
          <td>The Door Sit Up Bar is made of high quality MS and nylon. The product is powder coated.</td>
        </tr>
              </tbody>
          </table>
  </div>",DOOR SIT UP BARMGCHGYM,MAGICHOMEGYM,Accessories,Door sit up bar,7-12 Working Days,100,N,-200,Buy Door sit up bar Online in India at LiveYourSport.com| Free Shipping and Massive Discounts,Buy Door sit up bar Online in India at LiveYourSport.com| Free Shipping and Massive Discounts,Buy Door sit up bar Online in India at LiveYourSport.com| Free Shipping and Massive Discounts,Y,By Product,1,2,3,4,5,6,7,8,http://magichomegym.com/image/cache/data/prod2-500x500.jpg
Product,,MHG FORE ARM CURL BAR,Magic Home Gym,Rs 799.00,Rs 799.00,Rs 699.00,"<div id=""tab-description"" class=""tab-content""><p>
	The Arm Curl Bar from Magic Home Gym is a simple,compact and extremely effective device to tone your forearms,biceps and shoulders. The product is made of high quality materials to last a lifetime.The chord has a hook harness to attach a wide arey of weights like weight plates,dumbells or any other household weight item.</p>
</div><div id=""tab-attribute"" class=""tab-content"">
    <table class=""attribute"">
            <thead>
        <tr>
          <td colspan=""2"">General</td>
        </tr>
      </thead>
      <tbody>
                <tr>
          <td>Length</td>
          <td>12 Inches</td>
        </tr>
                <tr>
          <td>Quality</td>
          <td>The ARM Curl Bar is made of high quality MS and nylon. The product is powder coated.</td>
        </tr>
              </tbody>
          </table>
  </div>",MHG FORE ARM CURL BARMGCHGYM,MAGICHOMEGYM,Accessories,MHG FORE ARM CURL BAR,7-12 Working Days,100,N,-200,Buy MHG FORE ARM CURL BAR Online in India at LiveYourSport.com| Free Shipping and Massive Discounts,Buy MHG FORE ARM CURL BAR Online in India at LiveYourSport.com| Free Shipping and Massive Discounts,Buy MHG FORE ARM CURL BAR Online in India at LiveYourSport.com| Free Shipping and Massive Discounts,Y,By Product,1,2,3,4,5,6,7,8,http://magichomegym.com/image/cache/data/prod1-500x500.jpg
Product,,Pulley Core Trainer,Magic Home Gym,"Rs 5,900.00","Rs 5,900.00","Rs 3,900.00","<div id=""tab-description"" class=""tab-content""><p style=""margin-left:-4.5pt;"">
	The Pulley Core trainer provides a full body workout, improves balance and tones muscles. The Core trainer can also be used to perform a series of single arm workouts by suspending suitable weights like plates, sand bag, etc. Can be harnessed to the pull up bar as well as any strong door with the special purpose door anchor.</p>
</div><div id=""tab-attribute"" class=""tab-content"">
    <table class=""attribute"">
            <thead>
        <tr>
          <td colspan=""2"">General</td>
        </tr>
      </thead>
      <tbody>
                <tr>
          <td>General</td>
          <td>Strong 6 mm steel cable with fiber reinforced heavy duty pulley. Door anchor provided. Foam padded grips for added comfort.</td>
        </tr>
              </tbody>
          </table>
  </div>",PCTMGCHGYM,MAGICHOMEGYM,CORE and AB Trainers,Pulley Core Trainer,7-12 Working Days,100,N,-200,Buy Pulley Core Trainer Online in India at LiveYourSport.com| Free Shipping and Massive Discounts,Buy Pulley Core Trainer Online in India at LiveYourSport.com| Free Shipping and Massive Discounts,Buy Pulley Core Trainer Online in India at LiveYourSport.com| Free Shipping and Massive Discounts,Y,By Product,1,2,3,4,5,6,7,8,http://magichomegym.com/image/cache/data/Pull Up Bar with Pulley Core Trainer/pubpct3-500x500.jpg
Product,,Suspension Trainer,Magic Home Gym,"Rs 4,500.00","Rs 4,500.00","Rs 3,600.00","<div id=""tab-description"" class=""tab-content""><div>
	The Heavy Duty Suspension trainer from Home Gym Dynamics is designed to provide a full body workout. </div>
<div>
	 </div>
<div>
	Suspension Training bodyweight exercise develops strength, balance, flexibility and core stability simultaneously.</div>
<div>
	 </div>
<div>
	The Home Gym Dynamics Suspension Trainer  leverages gravity and your bodyweight to perform hundreds of exercises. You're in control of how much you want to challenge yourself on each exercise - because you can simply adjust your body position to add or decrease resistance.</div>
<div>
	 </div>
<div>
	<strong>Product Highlights:</strong></div>
<ul>
	<li>
		Delivers a fast, effective total-body workout</li>
	<li>
		Helps build a rock-solid core</li>
	<li>
		Increases muscular endurance</li>
	<li>
		Benefits people of all fitness levels (athletes to seniors)</li>
	<li>
		Can be set-up anywhere (gym, home, hotel or outside)Door anchor accessory standard. </li>
</ul>
<div>
	 </div>
<div>
	By utilizing your own bodyweight, the  Suspension Trainer provides greater performance and functionality than large exercise machines . </div>
<div>
	 </div>
<div>
	<strong>This heavy duty system uses 2 inch straps and metal adjusters for lifelong trouble free service.</strong></div>
<div>
	 </div>
<div>
	<strong>Comes with a workout chart.</strong></div>
<div>
	 </div>
<div>
	<strong>The product ships via Bluedart/DTDC within 2 working days.</strong></div>
<div>
	 </div>
<div>
	<strong>Call 9880464602 for details.</strong></div>
</div><div id=""tab-attribute"" class=""tab-content"">
    <table class=""attribute"">
            <thead>
        <tr>
          <td colspan=""2"">General</td>
        </tr>
      </thead>
      <tbody>
                <tr>
          <td>General</td>
          <td>Heavy Duty 2 Inch straps, adjustable upto 6 feet
Heavy Duty metal CAM Buckles and caraviner hook. 
Can be attached to any bar,hook, door etc. Door anchor included.
Product weight – 1200 grams approx.
Ships via Bluedart,DTDC.</td>
        </tr>
              </tbody>
          </table>
  </div>",Suspension TrainerMGCHGYM,MAGICHOMEGYM,CORE and AB Trainers,Suspension Trainer,7-12 Working Days,100,N,-200,Buy Suspension Trainer Online in India at LiveYourSport.com| Free Shipping and Massive Discounts,Buy Suspension Trainer Online in India at LiveYourSport.com| Free Shipping and Massive Discounts,Buy Suspension Trainer Online in India at LiveYourSport.com| Free Shipping and Massive Discounts,Y,By Product,1,2,3,4,5,6,7,8,http://magichomegym.com/image/cache/data/suspension_trainer/suspension-trainer_new-500x500.jpg,http://magichomegym.com/image/cache/data/suspension_trainer/suspension_trainer-500x500.jpg,http://magichomegym.com/image/cache/data/suspension_trainer/suspension-trainer-workout-500x500.jpg
Product,,Suspension Trainer,Magic Home Gym,"Rs 4,500.00","Rs 4,500.00","Rs 3,600.00","<div id=""tab-description"" class=""tab-content""><div>
	The Heavy Duty Suspension trainer from Home Gym Dynamics is designed to provide a full body workout. </div>
<div>
	 </div>
<div>
	Suspension Training bodyweight exercise develops strength, balance, flexibility and core stability simultaneously.</div>
<div>
	 </div>
<div>
	The Home Gym Dynamics Suspension Trainer  leverages gravity and your bodyweight to perform hundreds of exercises. You're in control of how much you want to challenge yourself on each exercise - because you can simply adjust your body position to add or decrease resistance.</div>
<div>
	 </div>
<div>
	<strong>Product Highlights:</strong></div>
<ul>
	<li>
		Delivers a fast, effective total-body workout</li>
	<li>
		Helps build a rock-solid core</li>
	<li>
		Increases muscular endurance</li>
	<li>
		Benefits people of all fitness levels (athletes to seniors)</li>
	<li>
		Can be set-up anywhere (gym, home, hotel or outside)Door anchor accessory standard. </li>
</ul>
<div>
	 </div>
<div>
	By utilizing your own bodyweight, the  Suspension Trainer provides greater performance and functionality than large exercise machines . </div>
<div>
	 </div>
<div>
	<strong>This heavy duty system uses 2 inch straps and metal adjusters for lifelong trouble free service.</strong></div>
<div>
	 </div>
<div>
	<strong>Comes with a workout chart.</strong></div>
<div>
	 </div>
<div>
	<strong>The product ships via Bluedart/DTDC within 2 working days.</strong></div>
<div>
	 </div>
<div>
	<strong>Call 9880464602 for details.</strong></div>
</div><div id=""tab-attribute"" class=""tab-content"">
    <table class=""attribute"">
            <thead>
        <tr>
          <td colspan=""2"">General</td>
        </tr>
      </thead>
      <tbody>
                <tr>
          <td>General</td>
          <td>Heavy Duty 2 Inch straps, adjustable upto 6 feet
Heavy Duty metal CAM Buckles and caraviner hook. 
Can be attached to any bar,hook, door etc. Door anchor included.
Product weight – 1200 grams approx.
Ships via Bluedart,DTDC.</td>
        </tr>
              </tbody>
          </table>
  </div>",Suspension TrainerMGCHGYM,MAGICHOMEGYM,Pull Up Bars,Suspension Trainer,7-12 Working Days,100,N,-200,Buy Suspension Trainer Online in India at LiveYourSport.com| Free Shipping and Massive Discounts,Buy Suspension Trainer Online in India at LiveYourSport.com| Free Shipping and Massive Discounts,Buy Suspension Trainer Online in India at LiveYourSport.com| Free Shipping and Massive Discounts,Y,By Product,1,2,3,4,5,6,7,8,http://magichomegym.com/image/cache/data/suspension_trainer/suspension-trainer_new-500x500.jpg,http://magichomegym.com/image/cache/data/suspension_trainer/suspension_trainer-500x500.jpg,http://magichomegym.com/image/cache/data/suspension_trainer/suspension-trainer-workout-500x500.jpg
Product,,Turbo Dumbbell Bench,Magic Home Gym,"Rs 12,500.00","Rs 12,500.00","Rs 9,750.00","<div id=""tab-description"" class=""tab-content""><p>
	The Dumbbell Workout Bench is a five position bench that is designed for maximum comfort and utility. The bench can be used as a flat bench or in any of the five angled back positions. Convenient lever locking mechanism is provided for the back adjustment.</p>
<p>
	The legs fold to make the bench easy for storage when not in use. The bench is made of strong gauge box tubing and has a thick long lasting cushion padding.</p>
<p>
	The contoured back shape provides maximum flex to the shoulder and chest muscles. </p>
<p>
	No assembly is required for this product, just open the legs and start to use.</p>
<p>
	Please call 9880464602 for clarifications regarding this product.</p>
<p>
	We provide a ""lifetime free replacement warranty"" on the frame against joint failures. The nonmetal parts carry a one year free replacement warranty.</p>
<p>
	This product comes to you directly from the manufacturer- after sales support is assured.</p>
</div><div id=""tab-attribute"" class=""tab-content"">
    <table class=""attribute"">
            <thead>
        <tr>
          <td colspan=""2"">General</td>
        </tr>
      </thead>
      <tbody>
                <tr>
          <td>General</td>
          <td>Seat - 9X11X15 inches . Back - 9X35X11 inches. Height - 20 inches 

1.5 inch square tubing with powder coated finish. Available in black color.

Flat packed, no assembly required.
</td>
        </tr>
              </tbody>
          </table>
  </div>",Turbo Dumbbell BenchMGCHGYM,MAGICHOMEGYM,Benches,Turbo Dumbbell Bench,7-12 Working Days,100,N,-200,Buy Turbo Dumbbell Bench Online in India at LiveYourSport.com| Free Shipping and Massive Discounts,Buy Turbo Dumbbell Bench Online in India at LiveYourSport.com| Free Shipping and Massive Discounts,Buy Turbo Dumbbell Bench Online in India at LiveYourSport.com| Free Shipping and Massive Discounts,Y,By Product,1,2,3,4,5,6,7,8,http://magichomegym.com/image/cache/data/TurboBenchPress/tb-bench-back-500x500.jpg,http://magichomegym.com/image/cache/data/TurboBenchPress/tb-bench-new-500x500.jpg,http://magichomegym.com/image/cache/data/TurboBenchPress/tb-bench-500x500.jpg,http://magichomegym.com/image/cache/data/TurboBenchPress/turbo-bench-500x500.jpg,http://magichomegym.com/image/cache/data/TurboBenchPress/tb-bench-new-open-500x500.jpg,http://magichomegym.com/image/cache/data/TurboBenchPress/tb-sdd-500x500.jpg
Product,,Power Tower with Bench Press,Magic Home Gym,"Rs 18,500.00","Rs 18,500.00","Rs 16,500.00","<div id=""tab-description"" class=""tab-content""><p>
	This is a full body workout system that uses natural body weight for resistance. This system has a free standing pull up bar, parallel bars, push up handles and a bench press attachment. This system will work out on all major muscle groups of the body. The product does not require bolting to the ground.</p>
<p>
	The Power Tower can be used by the entire family. A great system for a serious upper body workout ,and also to increase height in youngsters.</p>
<p>
	The bench will fold flat for easy storage when not in use.</p>
<p>
	<strong>Note </strong>– Weight plates and Rods shown are for illustration purpose only – not part of the offer.</p>
</div><div id=""tab-attribute"" class=""tab-content"">
    <table class=""attribute"">
            <thead>
        <tr>
          <td colspan=""2"">General</td>
        </tr>
      </thead>
      <tbody>
                <tr>
          <td>General</td>
          <td>Power Tower Dimensions – LXBXH = 50X38X84 inches ( Floor space 50X27 inches)

Bench Dimensions – LXBXH = 56X11X20 inches. Floor space 56X 11 inches)

Strong 2 inch tubular frame, durable foam cladding on bench.

Product weight 60 Kgs.

Ships flat packed – assembly required, tool kit and assembly manual provided. Assembly time – 20 minutes.
</td>
        </tr>
              </tbody>
          </table>
  </div>",Power Tower with Bench PressMGCHGYM,MAGICHOMEGYM,Home Gyms,Power Tower with Bench Press,7-12 Working Days,100,N,-200,Buy Power Tower with Bench Press Online in India at LiveYourSport.com| Free Shipping and Massive Discounts,Buy Power Tower with Bench Press Online in India at LiveYourSport.com| Free Shipping and Massive Discounts,Buy Power Tower with Bench Press Online in India at LiveYourSport.com| Free Shipping and Massive Discounts,Y,By Product,1,2,3,4,5,6,7,8,http://magichomegym.com/image/cache/data/Power Tower with bench press/pthg1-500x500.jpg,http://magichomegym.com/image/cache/data/Power Tower with bench press/pthg2-500x500.jpg,http://magichomegym.com/image/cache/data/Power Tower with bench press/pthg3-500x500.jpg,http://magichomegym.com/image/cache/data/Power Tower with bench press/pthg4-500x500.jpg,http://magichomegym.com/image/cache/data/Power Tower with bench press/pthg5-500x500.jpg
Product,,AB Blaster,Magic Home Gym,"Rs 4,700.00","Rs 4,700.00","Rs 3,800.00","<div id=""tab-description"" class=""tab-content""><p>
	The Ab Blaster Situp Board Provides A Serious Ab Workout By Locking The Knees And Isolating The Ab Muscles. Perform A Range Of Highly Effective Workouts To Tone The Abs And Obliques, See Visible Results In Days. Adjustable Knee Lock Rollers Ensure That The Product Can Be Used By Multiple Users. Folding Design Makes The Product Compact For Storage After Use. High Quality Construction. Excellent After Sales Service.</p>
<p>
	Features:</p>
<ul>
	<li>
		Serious Ab Workout</li>
	<li>
		Adjustable Knee Locks</li>
	<li>
		Visible Results In Days</li>
	<li>
		Folding Compact Design<br>
		 </li>
</ul>
</div><div id=""tab-attribute"" class=""tab-content"">
    <table class=""attribute"">
            <thead>
        <tr>
          <td colspan=""2"">General</td>
        </tr>
      </thead>
      <tbody>
                <tr>
          <td>General</td>
          <td>Dimensions LXBXH= 24X10X20 inches
Strong steel construction, epoxy powder coating finish. Thick cushion padding on seat, foam rollers for knee support. Shipped nearly assembled. No special assembly required.
</td>
        </tr>
              </tbody>
          </table>
  </div>",AB BlasterMGCHGYM,MAGICHOMEGYM,Benches,AB Blaster,7-12 Working Days,100,N,-200,Buy AB Blaster Online in India at LiveYourSport.com| Free Shipping and Massive Discounts,Buy AB Blaster Online in India at LiveYourSport.com| Free Shipping and Massive Discounts,Buy AB Blaster Online in India at LiveYourSport.com| Free Shipping and Massive Discounts,Y,By Product,1,2,3,4,5,6,7,8,http://magichomegym.com/image/cache/data/Ab-Blaster/ab1-500x500.jpg,http://magichomegym.com/image/cache/data/Ab-Blaster/ab2-500x500.jpg
Product,,Power Tower Home Gym,Magic Home Gym,"Rs 15,500.00","Rs 15,500.00","Rs 14,300.00","<div id=""tab-description"" class=""tab-content""><p>
	The Power Tower is a great full body workout system. The tower has a free standing pull up bar, parallel bars, push up bar and a sit up bar attachment. The power tower system provides a serious workout to all major muscle groups of the body.</p>
<p>
	This product can be used by the entire family. A great product for adults to tone and sculpt their bodies and also for growing children to improve height .</p>
<p>
	The product is easy to set up and comes with a manual and tools. Set up time – 20  mins.</p>
<p>
	Product is flat packed and ships to your doorstep.</p>
</div><div id=""tab-attribute"" class=""tab-content"">
    <table class=""attribute"">
            <thead>
        <tr>
          <td colspan=""2"">General</td>
        </tr>
      </thead>
      <tbody>
                <tr>
          <td>Height</td>
          <td>86 Inches</td>
        </tr>
                <tr>
          <td>Width</td>
          <td>24 Inches</td>
        </tr>
                <tr>
          <td>Depth</td>
          <td>50 Inches</td>
        </tr>
                <tr>
          <td>Construction</td>
          <td>Heavy 14 gauge sections. Epoxy powder coated finish.</td>
        </tr>
              </tbody>
          </table>
  </div>",Power Tower Home GymMGCHGYM,MAGICHOMEGYM,Home Gyms,Power Tower Home Gym,7-12 Working Days,100,N,-200,Buy Power Tower Home Gym Online in India at LiveYourSport.com| Free Shipping and Massive Discounts,Buy Power Tower Home Gym Online in India at LiveYourSport.com| Free Shipping and Massive Discounts,Buy Power Tower Home Gym Online in India at LiveYourSport.com| Free Shipping and Massive Discounts,Y,By Product,1,2,3,4,5,6,7,8,http://magichomegym.com/image/cache/data/TowerHomeGym/towerhomegym2-500x500.jpg,http://magichomegym.com/image/cache/data/TowerHomeGym/towerhomegym1-500x500.jpg
Product,,Turbo Bench – 5 in 1 Home Gym,Magic Home Gym,"Rs 18,500.00","Rs 18,500.00","Rs 16,450.00","<div id=""tab-description"" class=""tab-content""><p>
	The Turbo Bench Home Gym is a complete workout solution that combines the benefits of plate weight resistance and free weights.</p>
<p>
	The gym has the following stations:</p>
<p>
	1.5 position workout bench 2.Preacher Curl  3.Leg Curl  4.Bench Press and 5. Top Pulley.</p>
<p>
	All stations are easily removable . The main bench can be folded for storage when not in use.</p>
<p>
	Bench – Can be used as a flat bench or in 5 incline positions. User friendly pin locking system. Thick contoured padding.</p>
<p>
	Preacher Curl- 3 position height adjustment to all users. Adequate padding for good under arm support. Has a removable rod cradle.</p>
<p>
	Leg Curl – Foam rollers for good foot support. Plate loaded resistance.</p>
<p>
	Bench Press- Can be used as a flat and inclined bench press. Two positions for rod cradle.</p>
<p>
	Top Pulley- Has two fiber reinforced double bearing pulleys and a strong 6 mm steel cable. Will have a long rod, short rod, extension chain and single arm strap handle for a variety of workouts. Plate load capacity – 60 Kgs  </p>
<p>
	All parts are fabricated from a strong 1.5 inch tubular section that will last a lifetime.</p>
<p>
	Note – Weight plates and Rods shown are for illustration purpose only – not part of the offer.</p>
</div><div id=""tab-attribute"" class=""tab-content"">
    <table class=""attribute"">
            <thead>
        <tr>
          <td colspan=""2"">General</td>
        </tr>
      </thead>
      <tbody>
                <tr>
          <td>General</td>
          <td>Fully assembled dimensions – LXBXH 74X 20X 74 inches Bench:  LXBXH – 64X11X20 inches . Top Pulley attachment: Height – 74 inches. Preacher Curl Pad- 19X11 inches.

1.5 inch tubular section frame. 6 mm steel cable.

Assembly required – tool kit and assembly manual provided</td>
        </tr>
                <tr>
          <td>Packing</td>
          <td>Flat packed. </td>
        </tr>
              </tbody>
          </table>
  </div>",Turbo Bench – 5 in 1 Home GymMGCHGYM,MAGICHOMEGYM,Home Gyms,Turbo Bench – 5 in 1 Home Gym,7-12 Working Days,100,N,-200,Buy Turbo Bench – 5 in 1 Home Gym Online in India at LiveYourSport.com| Free Shipping and Massive Discounts,Buy Turbo Bench – 5 in 1 Home Gym Online in India at LiveYourSport.com| Free Shipping and Massive Discounts,Buy Turbo Bench – 5 in 1 Home Gym Online in India at LiveYourSport.com| Free Shipping and Massive Discounts,Y,By Product,1,2,3,4,5,6,7,8,http://magichomegym.com/image/cache/data/Turbo Bench – 5 in 1 Home Gym/turbo-bench-5-1-access-500x500.jpg,http://magichomegym.com/image/cache/data/Turbo Bench – 5 in 1 Home Gym/turbo-bench-5-1-500x500.jpg,http://magichomegym.com/image/cache/data/Turbo Bench – 5 in 1 Home Gym/turbo-ben-500x500.jpg,http://magichomegym.com/image/cache/data/Turbo Bench – 5 in 1 Home Gym/turbo-bench-fill-bench-500x500.jpg,http://magichomegym.com/image/cache/data/Turbo Bench – 5 in 1 Home Gym/turbo-bench-bench-500x500.jpg
Product,,Challenger Mark 2,Magic Home Gym,"Rs 14,850.00","Rs 14,850.00","Rs 13,500.00","<div id=""tab-description"" class=""tab-content""><p>
	The challenger Mark 2 is a complete home gym that features a top pulley, bottom Pulley, bench press, squat rack, seated row, flat bench and slanted abdominal bench.</p>
<p>
	This home gym is designed toprovide a serious work out to all major muscle groups of the body. One can perform 30 plus workouts with this machine. The folding bench can be used separately as a flat bench or an abdominal board. When not in use the bench can be folded away to save space.</p>
<p>
	The gym can be used by up to three persons simultaneously if required.</p>
<p>
	The gym is loaded with standard weight plates for the top and bottom pulley workouts. The same plates can be used for the bench press rod. The pulley rack has a capacity of up to 100 kgs on metal plates and up to 60 kgs on rubber plates. Weight plates are to be procured separately; standard plates with a 28 mm bore can be used.</p>
<p>
	<strong>Note </strong>- weight plates are not part of the offer- for illustration purpose only</p>
</div><div id=""tab-attribute"" class=""tab-content"">
    <table class=""attribute"">
            <thead>
        <tr>
          <td colspan=""2"">General</td>
        </tr>
      </thead>
      <tbody>
                <tr>
          <td>Working Dimensions</td>
          <td>Gym footprint -24X36X75 (LXBXH) inches
Bench Footprint- 54X9X20 (LXBXH) inches
</td>
        </tr>
                <tr>
          <td>Construction</td>
          <td>Strong 14 gauge steel frame that is machined to last a lifetime. The body is epoxy powder coated for a superior finish and protection. The bench has a 30 mm synthetic foam cladding. Foam rollers provide strong leg and knee support support. Heavy duty 6mm coated steel cables are used. 3.5 inch fiber re-enforced nylon pulleys with double bearings provide a smooth action.

The product is flat packed and shipped to your doorstep via surface courier. Instruction manual and tool kit included in the packing. Assembly time is 15- 20 minutes.
</td>
        </tr>
              </tbody>
          </table>
  </div>",Challenger- Mark 2MGCHGYM,MAGICHOMEGYM,Home Gyms,Challenger Mark 2,7-12 Working Days,100,N,-200,Buy Challenger Mark 2 Online in India at LiveYourSport.com| Free Shipping and Massive Discounts,Buy Challenger Mark 2 Online in India at LiveYourSport.com| Free Shipping and Massive Discounts,Buy Challenger Mark 2 Online in India at LiveYourSport.com| Free Shipping and Massive Discounts,Y,By Product,1,2,3,4,5,6,7,8,http://magichomegym.com/image/cache/data/challenger-mark-2/main-ch-m2-500x500.jpg,http://magichomegym.com/image/cache/data/challenger-mark-2/flat-bench-500x500.jpg,http://magichomegym.com/image/cache/data/challenger-mark-2/challenger-profile-2-500x500.jpg,http://magichomegym.com/image/cache/data/challenger-mark-2/challenger_low_pulley-500x500.jpg,http://magichomegym.com/image/cache/data/challenger-mark-2/challenger-profile-1-500x500.jpg,http://magichomegym.com/image/cache/data/challenger-mark-2/bench_Ab-board-mode-500x500.jpg
Product,,Classic Wall Mounted Home Gym,Magic Home Gym,"Rs 11,000.00","Rs 11,000.00","Rs 8,700.00","<div id=""tab-description"" class=""tab-content""><p>
	The Classic Wall Mounted Home Gym is designed to provide all the benefits of a High/Low Pulley machine without investing in any floor space. The Two pulley pods foldaway sideways and thus do not protrude from the wall. The machine uses plate weights for resistance. Special wall mounting anchor bolts and tool kit provided with the product along with a detailed installation guide.</p>
<p>
	 Construction- 1.5 inch heavy duty powder coated tubular pods. Fiber reinforced pulleys with double bearings. Strong 6mm coated steel cables.</p>
<p>
	Accessories- lat bar (long bar), short bar, extension chain, single hand strap handle.</p>
<p>
	Warranty- Lifetime warranty on metal frame against joint failure. One year warranty for all nonmetal parts.</p>
<p>
	<strong>Note </strong>- weight plates are not part of the offer- for illustration purpose only</p>
</div><div id=""tab-attribute"" class=""tab-content"">
    <table class=""attribute"">
            <thead>
        <tr>
          <td colspan=""2"">General</td>
        </tr>
      </thead>
      <tbody>
                <tr>
          <td>General</td>
          <td>Pod Length – 22 inches from the wall. Top Pod to be fixed at 72 inches from the ground. Bottom pod to be fixed at 6-8 inches from the ground.

Plate load capacity- 40 Kgs. Unit weight – 7 Kgs.</td>
        </tr>
                <tr>
          <td>Packing</td>
          <td>Flat packed, assembly manual and tool kit included.</td>
        </tr>
              </tbody>
          </table>
  </div>",Classic Wall Mounted Home GymMGCHGYM,MAGICHOMEGYM,Home Gyms,Classic Wall Mounted Home Gym,7-12 Working Days,100,N,-200,Buy Classic Wall Mounted Home Gym Online in India at LiveYourSport.com| Free Shipping and Massive Discounts,Buy Classic Wall Mounted Home Gym Online in India at LiveYourSport.com| Free Shipping and Massive Discounts,Buy Classic Wall Mounted Home Gym Online in India at LiveYourSport.com| Free Shipping and Massive Discounts,Y,By Product,1,2,3,4,5,6,7,8,http://magichomegym.com/image/cache/data/Classic Wall Mounted/cwn1-500x500.jpg,http://magichomegym.com/image/cache/data/Classic Wall Mounted/cwn4-500x500.jpg,http://magichomegym.com/image/cache/data/Classic Wall Mounted/cwn6-500x500.jpg,http://magichomegym.com/image/cache/data/Classic Wall Mounted/cwn5-500x500.jpg,http://magichomegym.com/image/cache/data/Classic Wall Mounted/cwn3-500x500.jpg,http://magichomegym.com/image/cache/data/Classic Wall Mounted/cwn2-500x500.jpg
Product,,Classic FS Home Gym,Magic Home Gym,"Rs 12,500.00","Rs 12,500.00","Rs 9,800.00","<div id=""tab-description"" class=""tab-content""><p>
	The Classic Mark 2 is a standalone high/low pulley system. The high pulley works the shoulder, back, chest and triceps muscles while the low pulley works on the biceps, deltoids etc. This system boats of a heavy duty rugged construction. The modular design can be assembled in less than 20 minutes. The product comes with a detailed assembly manual and tool kit.</p>
<p>
	Construction- 1.5 inch heavy duty powder coated tubular frame. Fiber reinforced pulleys with double bearings. Strong 6mm coated steel cables.</p>
<p>
	Accessories- lat bar (long bar), short bar, extension chain, single hand strap handle.</p>
<p>
	Warranty- Lifetime warranty on metal frame against joint failure. One year warranty for all nonmetal parts.</p>
<p>
	<strong>Note </strong>- weight plates are not part of the offer- for illustration purpose only</p>
</div><div id=""tab-attribute"" class=""tab-content"">
    <table class=""attribute"">
            <thead>
        <tr>
          <td colspan=""2"">General</td>
        </tr>
      </thead>
      <tbody>
                <tr>
          <td>General</td>
          <td>36X24X72 inch LXBXH
Plate load capacity- 80 Kgs
Gym Weight- 16Kgs</td>
        </tr>
                <tr>
          <td>Packing</td>
          <td>Flat packed, assembly manual and tool kit included.</td>
        </tr>
              </tbody>
          </table>
  </div>",Classic FS Home GymMGCHGYM,MAGICHOMEGYM,Home Gyms,Classic FS Home Gym,7-12 Working Days,100,N,-200,Buy Classic FS Home Gym Online in India at LiveYourSport.com| Free Shipping and Massive Discounts,Buy Classic FS Home Gym Online in India at LiveYourSport.com| Free Shipping and Massive Discounts,Buy Classic FS Home Gym Online in India at LiveYourSport.com| Free Shipping and Massive Discounts,Y,By Product,1,2,3,4,5,6,7,8,http://magichomegym.com/image/cache/data/Classic_fs_home/classic-fs-home-gym-back-500x500.jpg,http://magichomegym.com/image/cache/data/Classic_fs_home/classic-fs-home-gym-500x500.jpg
Product,,Pulley Pod Regular,Magic Home Gym,"Rs 4,500.00","Rs 4,500.00","Rs 3,300.00","<div id=""tab-description"" class=""tab-content""><p>
	Great product for a serious upper body workout. Perform a series of workouts with four special accessories. Lat bar for shoulders and back, short bar for chest and triceps,V bar for triceps,shoulders and back and strap handle for chest and shoulder workouts. These four accessories will stimulate various muscle groups from various angles thus providing a more complete workout experience. The prodcut has two heavy duty double bearing pulleys and a strong 6mm steel rope. Weight plates are loaded on the suspended carriage and can be changed with ease. Please note- weight plates are not part of the offer. The pulley pod is wall mounted using two wall anchors that are suppiled with the product.<br>
	<br>
	Features:</p>
<ul>
	<li>
		Wall mounted lat pulley</li>
	<li>
		20 plus workouts</li>
	<li>
		long bar</li>
	<li>
		short bar</li>
	<li>
		V tricep bar</li>
	<li>
		strap haddle</li>
	<li>
		chain</li>
	<li>
		Supports upto 50 Kgs weight<br>
		 </li>
</ul>
</div><div id=""tab-attribute"" class=""tab-content"">
    <table class=""attribute"">
            <thead>
        <tr>
          <td colspan=""2"">General</td>
        </tr>
      </thead>
      <tbody>
                <tr>
          <td>General</td>
          <td>Pod length from wall = 20 inches. Heavy duty double bearing pulleys, 6mm coated steel cable. 
Strong steel construction, epoxy powder coating finish. Four wall anchor bolts provided for installation. Installation chart and spanner provided.</td>
        </tr>
              </tbody>
          </table>
  </div>",Pulley Pod RegularMGCHGYM,MAGICHOMEGYM,Home Gyms,Pulley Pod Regular,7-12 Working Days,100,N,-200,Buy Pulley Pod Regular Online in India at LiveYourSport.com| Free Shipping and Massive Discounts,Buy Pulley Pod Regular Online in India at LiveYourSport.com| Free Shipping and Massive Discounts,Buy Pulley Pod Regular Online in India at LiveYourSport.com| Free Shipping and Massive Discounts,Y,By Product,1,2,3,4,5,6,7,8,http://magichomegym.com/image/cache/data/Pulley Pod Regular/prg1-500x500.jpg,http://magichomegym.com/image/cache/data/Pulley Pod Regular/prg2-500x500.jpg,http://magichomegym.com/image/cache/data/Pulley Pod Regular/prg3-500x500.jpg,http://magichomegym.com/image/cache/data/Pulley Pod Regular/prg4-500x500.jpg
Product,,Pulley Pod Folding- Wall Mounted,Magic Home Gym,"Rs 5,200.00","Rs 5,200.00","Rs 3,700.00","<div id=""tab-description"" class=""tab-content""><p>
	The Side Folding Lat Pulley Pulley Bar Is A Great Product For A Serious Upper Body Workout. Perform A Series Of Workouts With Four Special Accessories. Lat Bar For Shoulders And Back, Short Bar For Chest And Triceps,V Bar For Triceps,Shoulders And Back And Strap Handle For Chest And Shoulder Workouts. These Four Accessories Will Stimulate Various Muscle Groups From Various Angles Thus Providing A More Complete Workout Experience. The Prodcut Has Two Heavy Duty Double Bearing Pulleys And A Strong 6mm Steel Rope. Weight Plates Are Loaded On The Suspended Carriage And Can Be Changed With Ease. Please Note- Weight Plates Are Not Part Of The Offer. The Pulley Pod Is Wall Mounted Using Four Wall Anchors That Are Suppiled With The Product. The Pulley Bar Can Be Folded Sideways After Use. The Bar Can Be Used In Various Angles For Single Arm Workouts. If Desired, the Pulley Bar Can Be Removed From The Bracket And Stored Away After Use.</p>
</div><div id=""tab-attribute"" class=""tab-content"">
    <table class=""attribute"">
            <thead>
        <tr>
          <td colspan=""2"">General</td>
        </tr>
      </thead>
      <tbody>
                <tr>
          <td>General</td>
          <td>Pod length from wall = 20 inches. Heavy duty double bearing pulleys, 6mm coated steel cable. 
Strong steel construction, epoxy powder coating finish. Four wall anchor bolts provided for installation. Installation chart and spanner provided.</td>
        </tr>
              </tbody>
          </table>
  </div>",Pulley POD FoldingMGCHGYM,MAGICHOMEGYM,Home Gyms,Pulley Pod Folding- Wall Mounted,7-12 Working Days,100,N,-200,Buy Pulley Pod Folding- Wall Mounted Online in India at LiveYourSport.com| Free Shipping and Massive Discounts,Buy Pulley Pod Folding- Wall Mounted Online in India at LiveYourSport.com| Free Shipping and Massive Discounts,Buy Pulley Pod Folding- Wall Mounted Online in India at LiveYourSport.com| Free Shipping and Massive Discounts,Y,By Product,1,2,3,4,5,6,7,8,http://magichomegym.com/image/cache/data/Pulley POD Folding/pdf1-500x500.jpg,http://magichomegym.com/image/cache/data/Pulley POD Folding/pdf2-500x500.jpg,http://magichomegym.com/image/cache/data/Pulley POD Folding/pdf3-500x500.jpg
Product,,Classic Home Gym,Magic Home Gym,"Rs 11,399.00","Rs 11,399.00","Rs 8,999.00","<div id=""tab-description"" class=""tab-content""><p class=""intro"">
	One can perform 27 plus high impact workouts targeting all major muscle groups viz shoulder and back,arms and chest,legs and mid region.</p>
<p>
	<a href=""http://magichomegym.com/index.php?route=information/information&amp;information_id=8"" target=""_blank"">Find the complete workout list here.</a></p>
<p>
	<a href=""http://magichomegym.com/index.php?route=information/information&amp;information_id=10"" target=""_blank"">Watch the workouts here.</a></p>
<p>
	Magic Home Gym is extremely compact and has a footprint of just Three Sqaure Feet when folded. After use, the gym can be wheeled and parked in any corner of the room . Modern and non intrusive aesthetics of the machine blend in seamlessly with your décor. The gym is engaged in a pair of wall clamps during workout.Standard weight plates used.</p>
<p>
	Accessories- long bar(lat bar),short bar(curl bar),strap handle,chain,wall clamps,instruction manual and workout DVD.</p>
<p>
	Magic Home Gym –Classic has a patent pending design.</p>
<p>
	Construction-1.5 inch square tube,high grade mild steel.Chrome plated and epoxy powder coated.Pulleys are high density fibre ri-enforced nylon with double bearings. Cable is 6mm steel with pvc coating.Weight carriage has a self lubricating polymer jacket for smooth operation-does not require oiling.</p>
<p>
	<strong>Note </strong>- weight plates are not part of the offer- for illustration purpose only</p>
</div><div id=""tab-attribute"" class=""tab-content"">
    <table class=""attribute"">
            <thead>
        <tr>
          <td colspan=""2"">General</td>
        </tr>
      </thead>
      <tbody>
                <tr>
          <td>Height</td>
          <td>78 inches</td>
        </tr>
                <tr>
          <td>Width</td>
          <td>24 inches</td>
        </tr>
                <tr>
          <td>Depth</td>
          <td>16 inches</td>
        </tr>
                <tr>
          <td>Gym Weight Capacity</td>
          <td>Upto 50 Kgs, standard weight plates.(Not included)</td>
        </tr>
                <tr>
          <td>Gym Weight</td>
          <td>20 Kgs approx, without weight plates.</td>
        </tr>
                <tr>
          <td>Packing</td>
          <td>Flat packed in carton. Carton Dimensions (51X14X8) inches. Requires minimum assembly. Toolkit provided. Assembly manual provided.</td>
        </tr>
              </tbody>
          </table>
  </div>",MHG – ClassicMGCHGYM,MAGICHOMEGYM,Home Gyms,Classic Home Gym,7-12 Working Days,100,N,-200,Buy Classic Home Gym Online in India at LiveYourSport.com| Free Shipping and Massive Discounts,Buy Classic Home Gym Online in India at LiveYourSport.com| Free Shipping and Massive Discounts,Buy Classic Home Gym Online in India at LiveYourSport.com| Free Shipping and Massive Discounts,Y,By Product,1,2,3,4,5,6,7,8,http://magichomegym.com/image/cache/data/mhc_classic/classic-500x500-500x500.gif,http://magichomegym.com/image/cache/data/mhg-classic-folded1-500x500.png,http://magichomegym.com/image/cache/data/mhg-classic-accessories-500x500.png,http://magichomegym.com/image/cache/data/mhg-classic-folded2-500x500.png
Product,,Pull Up Bar With Ab Straps & Top Pulley,Magic Home Gym,"Rs 6,450.00","Rs 6,450.00","Rs 4,600.00","<div id=""tab-description"" class=""tab-content""><p>
	<span style=""font-size:14px;""><strong>Heavy Duty Pull Up Bar With Top Pulley And Ab Straps</strong></span></p>
<p>
	This is a revolutionary product from Home Gym Dynamics- makers of innovative home fitness equipment.</p>
<p>
	<strong>PULL UP BAR</strong></p>
<p>
	This is biomechanically correct design pull up bar that has parallel grips bent at a 5 degree angle and main grips bent at 14 degrees. This scientific design ensures that there is no undue stress to the wrists while working out, thus avoiding injuries. The pull up bar is wall mounted with special ""wall anchors"" that are supplied with the product. This pull up bar is of ""Heavy Duty"" grade as the main bar is one piece without joints. This does not compromise on the weight carrying capacity and stability of the product. The bar will support up to 120 Kgs user weight.  </p>
<p>
	<strong>TOP PULLEY</strong></p>
<p>
	The product has a top pulley that can be used for shoulder, triceps, and chest and arm workouts. The accessories with the top pulley are:</p>
<p>
	1.Heavy duty 6mm steel cable. 2.Short Bar 3.Single grip handle. 4. Extension chain.</p>
<p>
	A variety of weights can be suspended to the cable like plates, dumbbells etc.</p>
<p>
	<strong>AB STRAPS</strong></p>
<p>
	The specially designed removable AB Straps are cushioned for comfort and have steel hooks that can be suspended on the main bar or on the parallel bar for maximum effectiveness. Perform leg raise, knee raise, oblique raise workouts to get a perfectly sculpted abdomen.</p>
<p>
	This is a complete body workout system that can be used by all age groups and genders.</p>
<p>
	<strong><u>Please call us on 9880464602 for clarifications and details</u></strong></p>
</div><div id=""tab-attribute"" class=""tab-content"">
    <table class=""attribute"">
            <thead>
        <tr>
          <td colspan=""2"">General</td>
        </tr>
      </thead>
      <tbody>
                <tr>
          <td>General</td>
          <td>Main Rod – 36 inches, Brackets – 22 inches from wall. .Wall installation required - Wall anchors, spanner and manual included. AB Straps have foam padding for comfort. Strong S Hooks to suspend the straps. 6 mm steel cable with hook. Fiber reinforced heavy duty pulley. Product weight – 8 kgs</td>
        </tr>
              </tbody>
          </table>
  </div>",PUBASTPMGCHGYM,MAGICHOMEGYM,Pull Up Bars,Pull Up Bar With Ab Straps & Top Pulley,7-12 Working Days,100,N,-200,Buy Pull Up Bar With Ab Straps & Top Pulley Online in India at LiveYourSport.com| Free Shipping and Massive Discounts,Buy Pull Up Bar With Ab Straps & Top Pulley Online in India at LiveYourSport.com| Free Shipping and Massive Discounts,Buy Pull Up Bar With Ab Straps & Top Pulley Online in India at LiveYourSport.com| Free Shipping and Massive Discounts,Y,By Product,1,2,3,4,5,6,7,8,http://magichomegym.com/image/cache/data/Pull Up Bar With Ab Straps and Top Pulley/pub-ab-straps-500x500.jpg,http://magichomegym.com/image/cache/data/Pull Up Bar With Ab Straps and Top Pulley/pub-ab-straps2-500x500.jpg,http://magichomegym.com/image/cache/data/Pull Up Bar With Ab Straps and Top Pulley/pub-ab-straps1-500x500.jpg
Product,,Turbo Bench with Preacher Curl and leg Raise,Magic Home Gym,"Rs 14,500.00","Rs 14,500.00","Rs 12,500.00","<div id=""tab-description"" class=""tab-content""><p>
	The Dumbbell Workout Bench with Preacher Curl and leg raise attachment is a five position bench that is designed for maximum comfort and utility. The bench can be used as a flat bench or in any of the five angled back positions. Convenient lever locking mechanism is provided for the back adjustment. The Preacher Curl Attachment has three height positions to suite users for various heights. The attachment can be removed when not in use. The leg raise attachment works on plate load resistance. Foam rollers provide a comfortable support to the feet.</p>
<p>
	The legs of the bench fold to make the bench completely flat for storage when not in use. The bench is made of strong gauge box tubing and has a thick long lasting cushion padding.</p>
<p>
	The contoured back shape provides maximum flex to the shoulder and chest muscles.</p>
<p>
	We provide a ""lifetime free replacement warranty"" on the frame against joint failures. The nonmetal parts carry a one year free replacement warranty.</p>
<p>
	<strong>Note </strong>– weight plates and rod are not part of the offer- for illustration purpose only.</p>
</div><div id=""tab-attribute"" class=""tab-content"">
    <table class=""attribute"">
            <thead>
        <tr>
          <td colspan=""2"">General</td>
        </tr>
      </thead>
      <tbody>
                <tr>
          <td>General</td>
          <td>Bench Dimensions- 
Seat - 9X11X15 inches . Back - 9X35X11 inches. Height - 20 inches 

Preacher Curl Pad- 19X11 inches
</td>
        </tr>
              </tbody>
          </table>
  </div>",Turbo Bench with Preacher Curl and leg RaiseMGCHGYM,MAGICHOMEGYM,Benches,Turbo Bench with Preacher Curl and leg Raise,7-12 Working Days,100,N,-200,Buy Turbo Bench with Preacher Curl and leg Raise Online in India at LiveYourSport.com| Free Shipping and Massive Discounts,Buy Turbo Bench with Preacher Curl and leg Raise Online in India at LiveYourSport.com| Free Shipping and Massive Discounts,Buy Turbo Bench with Preacher Curl and leg Raise Online in India at LiveYourSport.com| Free Shipping and Massive Discounts,Y,By Product,1,2,3,4,5,6,7,8,http://magichomegym.com/image/cache/data/Turbo Bench with Preacher Curl and leg Raise/turbo-bench-with-curl-500x500.jpg,http://magichomegym.com/image/cache/data/Turbo Bench with Preacher Curl and leg Raise/turbo-bench-with-curl2-500x500.jpg,http://magichomegym.com/image/cache/data/Turbo Bench with Preacher Curl and leg Raise/turbo-bench-with-curl1-500x500.jpg
