Starkenn Category,LYS Category
Apparel,Run & Cycle/Cycling Gear/Apparels
Bags,Run & Cycle/Cycling Gear/Bags
Base Layers,Run & Cycle/Cycling Spares/Other Parts
Bells,Run & Cycle/Cycling Spares/Bells
Bottle Cages,Run & Cycle/Cycling Spares/Bottle Cages
Bottles,Run & Cycle/Running/Running Bottles
Brake Parts,Run & Cycle/Cycling Spares/Brake Parts
Cables,Run & Cycle/Cycling Spares/Other Parts
Chains,Run & Cycle/Cycling Spares/Chains
Chainstay,Run & Cycle/Cycling Spares/Other Parts
Computers,Run & Cycle/Cycling Spares/Computers
Derailleur Hanger,Run & Cycle/Cycling Spares/Other Parts
Fenders,Run & Cycle/Cycling Spares/Other Parts
Gloves,Run & Cycle/Cycling Gear/Gloves
Grips,Run & Cycle/Cycling Spares/Other Parts
Handlebars,Run & Cycle/Cycling Spares/Other Parts
Headset & BB,Run & Cycle/Cycling Spares/Other Parts
Helmets,Run & Cycle/Cycling Gear/Helmets
Hydration pack,Run & Cycle/Cycling Spares/Other Parts
Lights,Run & Cycle/Cycling Gear/Lights
Locks/Security,Run & Cycle/Cycling Gear/Locks
Lubricant,Run & Cycle/Cycling Gear/Lubricants
Patch Kits,Run & Cycle/Cycling Spares/Other Parts
Pedals,Run & Cycle/Cycling Spares/Other Parts
Pumps,Run & Cycle/Cycling Gear/Pumps
Racks,Run & Cycle/Cycling Spares/Bike Rack
Rider's bag,Run & Cycle/Cycling Gear/Bags
Saddles,Run & Cycle/Cycling Spares/Saddles
Sealants,Run & Cycle/Cycling Gear/Tools
Seatposts,Run & Cycle/Cycling Spares/Other Parts
Socks,Shoes/Accessories/Socks
Stems,Run & Cycle/Cycling Spares/Other Parts
Storage,Run & Cycle/Cycling Spares/Other Parts
Tape,Run & Cycle/Cycling Spares/Tape
Tires,Run & Cycle/Cycling Spares/Tyres & Tubes
Tools,Run & Cycle/Cycling Gear/Tools
Trainers,Run & Cycle/Cycling Gear/Accessories
Tube,Run & Cycle/Cycling Spares/Tyres & Tubes
