Item Type,Product ID
The Brain's Way of Healing: Remarkable Discoveries and Recoveries from the Frontiers of Neuroplasticity,067002550X
Brain Maker: The Power of Gut Microbes to Heal and Protect Your Brainfor Life,316380105
The Walking Dead Volume 23: Whispers Into Screams,1632152584
"The 22-Day Revolution: The Plant-Based Program That Will Transform Your Body, Reset Your Habits, and Change Your Life",451474848
Is Everyone Hanging Out Without Me? (And Other Concerns),307886271
The Fast Metabolism Diet Cookbook: Eat Even More Food and Lose Even More Weight,770436234
"George R. R. Martin's A Game of Thrones 5-Book Boxed Set (Song of Ice and Fire series): A Game of Thrones, A Clash of Kings, A Storm of Swords, A Feast for Crows, and A Dance with Dragons",345535529
Player's Handbook,786965606
The Last Wish,316029181
Quiet: The Power of Introverts in a World That Can't Stop Talking,307352153
Influence: The Psychology of Persuasion,006124189X
The Juicing Bible,778801810
The Road to Character,081299325X
Thug Kitchen: Eat Like You Give a F*ck,1770894659
How to Win Friends and Influence People,671027034
Seveneves: A Novel,62190377
Bloodborne Collector's Edition Strategy Guide,3869930691
The Inconvenient Indian: A Curious Account of Native People in North America,385664222
My Fight / Your Fight,1941393268
Creative Coloring Inspirations: Art Activity Pages to Relax and Enjoy!,1574219723
"Danielle Walker's Against All Grain: Meals Made Simple: Gluten-Free, Dairy-Free, and Paleo Recipes to Make Anytime",162860042X
Creative Haven Art Nouveau Animal Designs Coloring Book,486493105
A Guide to the Project Management Body of Knowledge (Pmbok Guide) - 5th Edition,1935589679
Practical Paleo: A Customized Approach to Health and a Whole-Foods Lifestyle,1936608758
"Becoming a Supple Leopard 2nd Edition: The Ultimate Guide to Resolving Pain, Preventing Injury, and Optimizing Athletic Performance",1628600837
The Martian: A Novel,553418025
Mystical Mandala Coloring Book,486456943
The Time of Contempt,316219134
Pokémon Omega Ruby & Pokémon Alpha Sapphire: The Official National Pokédex,1101898283
The Nightingale,312577222
"Murmel, Murmel, Murmel",155037012X
The Gifts of Imperfection: Let Go of Who You Think You're Supposed to Be and Embrace Who You Are,159285849X
The Book with No Pictures,803741715
Love You Forever,920668372
The 7 Habits of Highly Effective People: Powerful Lessons in Personal Change,1451639619
"A New Earth: Awakening to Your Life's Purpose (Oprah's Book Club, Selection 61)",452289963
Kaplan MCAT Complete 7-Book Subject Review: Created for MCAT 2015,1618656449
Blood of Elves,031602919X
The Intelligent Investor: The Definitive Book on Value Investing,60555661
Gut: The Inside Story of Our Body's Most Underrated Organ,1771641495
Elon Musk: Inventing The Future,62301233
"Oh, The Places You'll Go!",679805273
The Witcher 3: Wild Hunt Collector's Edition: Prima Official Game Guide,804162980
The Oh She Glows Cookbook: Vegan Recipes To Glow From The Inside Out,143187228
Secret Garden: An Inky Treasure Hunt and Coloring Book,1780671067
The Life-Changing Magic of Tidying Up: The Japanese Art of Decluttering and Organizing,1607747308
Paper Towns,014241493X
How to Talk So Kids Will Listen & Listen So Kids Will Talk,1451663889
