Product SKU,Current Stock Level
431606UK9.5,0
383031UK8,0
303924ACVIN,0
37592834.5in,0
500594UK7,0
431606UK11.5,0
36257935.5in,0
432016UK11,0
432016UK10,0
431644ACVIN,0
432016UK12,0
36924337.5In L,0
434825ACVIN,0
43482537.5in UL,0
431606UK7.5,0
436605Black/Yellow,0
445877UK5.5,0
448742ACVIN,0
500299UK8.5,0
443408UK12,0
500594UK7.5,0
191636.5in M,0
362408ACVIN,0
427235ACVIN,0
431644UK9,0
431644UK7,0
431644UK6,0
442466ACVIN,0
20237ACVIN,0
477032UK2,0
365320ACVIN,0
490551UK10.5,0
437787UK9.5,0
305092ACVIN,0
427229ACVIN,0
383073UK8.5,0
503626UK11.5,0
500594UK8,0
432016UK8.5,0
431606UK9,0
431606UK8,0
431606UK7,0
431606UK6,0
443408UK11,0
437787UK8,0
437787UK7,0
437787UK6,0
432062UK7.5,0
432062UK5.5,0
305263Left,0
431644UK9.5,0
36923337.5In L,0
490551UK9,0
490551UK8,0
36924337.5in M,0
503626UK13,0
177755ACVIN,0
383073UK6.5,0
365339UK5.5,0
383073UK4.5,0
431644UK12,0
431644UK11,0
431644UK10,0
445877UK7.5,0
365339UK10.5,0
303360UK10,0
362579ACVIN,0
500287UK9.5,0
490551UK11,0
490551UK10,0
191636.5in L,0
503626UK8,0
434382UK4.5,0
36924336.5in L,0
36924336.5in M,0
503626UK7,0
44295537.5in,0
365339UK9.5,0
383073ACVIN,0
36924338.5in M,0
500594UK11.5,0
503626UK12.5,0
s Indoor ShoeUK11.5,0
303360UK11.5,0
434382UK6.5,0
s Court ShoesUK9.5,0
365358UK8.5,0
500594UK8.5,0
427255ACVIN,0
500287UK11,0
362798UK7.5,0
365358UK11,0
365358UK10,0
36240836.5in L,0
365358UK12,0
432016UK9,0
20237M,0
445877UK6.5,0
445877UK8,0
37414436.5in L,0
37414436.5in M,0
500594UK9.5,0
431606UK6.5,0
500406UK5.5,0
431606UK8.5,0
305263ACVIN,0
448735ACVIN,0
365358UK13,0
#NAME?,0
490551UK9.5,0
443408ACVIN,0
500594UK10,0
500594UK11,0
500594UK12,0
436605ACVIN,0
500299UK10.5,0
500299UK12.5,0
36923336.5in M,0
443408UK12.5,0
427231ACVIN,0
500287UK11.5,0
431606UK10.5,0
177755Hook,0
445877UK4.5,0
427245ACVIN,0
365358UK11.5,0
303360UK12,0
303360UK13,0
36496234in,0
432092UK4,0
365339UK12,0
365339UK10,0
365339UK11,0
445877UK6,0
445877UK7,0
445877UK5,0
431606ACVIN,0
36256534.5in,0
432092UK5.5,0
432062UK6.5,0
432062UK4.5,0
44295536.5in,0
36923337.5in M,0
365339UK11.5,0
383073UK3.5,0
431606UK11,0
431606UK10,0
431606UK12,0
432016ACVIN,0
30509234.5in L,0
431976UK8.5,0
432062UK4,0
432062UK5,0
431644UK8.5,0
383073UK7.5,0
36256535.5in,0
383073UK5.5,0
44246636.5in,0
432062ACVIN,0
427251ACVIN,0
427243ACVIN,0
191637.5in M,0
431644UK6.5,0
362565ACVIN,0
431644UK10.5,0
290436ACVIN,0
303360ACVIN,0
365358UK9.5,0
365320UK9,0
303360UK7,0
365297UK6.5,0
303360UK11,0
303360UK9,0
20237L,0
432016UK8,0
490551ACVIN,0
383073UK7,0
383073UK6,0
383073UK4,0
383073UK8,0
427227ACVIN,0
44704726in,0
365358UK7.5,0
37414437.5In L,0
363414UK10.5,0
369243ACVIN,0
303360UK9.5,0
30392436.5in M,0
490551UK8.5,0
445877ACVIN,0
36259735.5in,0
442955ACVIN,0
