Product SKU,Current Stock Level
113053HLABRD3288,0
210407HLABRD3291,0
210407HLABRD3290,0
210407HLABRD3294,0
011736HLABRD,0
113508HLABRD3279,0
210384HLABRD3291,0
120888HLABRD,0
113490HLABRD3300,0
113188HLABRD3279,0
112850HLABRD3283,0
113337HLABRD,0
113324HLABRD32966731,0
113403HLABRD3281,0
113403HLABRD3288,0
113403HLABRD3289,0
113660HLABRD3290,0
113660HLABRD3292,0
113438HLABRD3289,0
011713HLABRD,0
011685HLABRD,0
011887HLABRD10111,0
113238HLABRD3291,0
113439HLABRD3301,0
011890HLABRD2781,0
113172HLABRD3290,0
113172HLABRD3291,0
112805HLABRD,0
011726HLABRD1546,0
113324HLABRD32896732,0
011790HLABRD2155,0
113673HLABRD3283,0
113673HLABRD3284,0
690121HLABRD3924,0
113157HLABRD3290,0
113666HLABRD,0
112982HLABRD3286,0
113496HLABRD3295,0
113194HLABRD3284,0
060430HLABRD,0
113062HLABRD3288,0
113138HLABRD3293,0
113067HLABRD3288,0
011105   PKGHLABRD,0
113270HLABRD3288,0
113232HLABRD3284,0
113322HLABRD32856734,0
113239HLABRD3292,0
011890HLABRD2155,0
113556HLABRD32846734,0
113157HLABRD3285,0
120924HLABRD3806,0
210375HLABRD3300,0
113492HLABRD3288,0
113492HLABRD3286,0
113492HLABRD3287,0
210323HLABRD3291,0
210323HLABRD3294,0
690124HLABRD10118,0
113548HLABRD3300,0
112720HLABRD3285,0
112720HLABRD3287,0
113717HLABRD3290,0
113717HLABRD3294,0
010911   PKGHLABRD,0
113541HLABRD33006732,0
210241HLABRD3295,0
210241HLABRD3294,0
210241HLABRD3293,0
210241HLABRD3291,0
210241HLABRD3290,0
120929HLABRD3801,0
113057HLABRD,0
120929HLABRD3803,0
120929HLABRD3802,0
120929HLABRD3805,0
120929HLABRD3804,0
120929HLABRD3806,0
011298   PKGHLABRD,0
120889HLABRD,0
113454HLABRD3295,0
113454HLABRD3294,0
113454HLABRD3293,0
113170HLABRD3279,0
110898HLABRD3279,0
210344HLABRD3288,0
210344HLABRD3289,0
210344HLABRD3284,0
210344HLABRD3286,0
113553HLABRD32876733,0
060566HLABRD,0
113184HLABRD3279,0
T01465   GBHLABRD,0
113156HLABRD3287,0
113156HLABRD3285,0
113156HLABRD3289,0
113345HLABRD3297,0
120928HLABRD3295,0
120928HLABRD3294,0
011993   PKGHLABRD,0
120896HLABRD3801,0
060568HLABRD,0
011562   PKGHLABRD,0
T01693   GBHLABRD,0
112863HLABRD32796730,0
690150HLABRD1228,0
113421HLABRD3283,0
113215HLABRD32936732,0
113215HLABRD32936730,0
210332HLABRD3289,0
210332HLABRD3288,0
113155HLABRD3288,0
113155HLABRD3284,0
690218HLABRD11063,0
690218HLABRD11064,0
690218HLABRD11065,0
113703HLABRD32896732,0
113499HLABRD3279,0
210338HLABRD3286,0
210333HLABRD3288,0
210333HLABRD3289,0
210371HLABRD3286,0
210371HLABRD3287,0
113391HLABRD3291,0
112839HLABRD3296,0
112805HLABRD3279,0
113135HLABRD3293,0
113135HLABRD3292,0
120888HLABRD3286,0
120888HLABRD3283,0
120888HLABRD3282,0
113362HLABRD3279,0
113439HLABRD3300,0
120866HLABRD,0
113701HLABRD32946730,0
113541HLABRD32926732,0
120953HLABRD3307,0
112535HLABRD32926731,0
112721HLABRD3294,0
112721HLABRD3290,0
T01439   GBHLABRD,0
113552HLABRD32916733,0
113697HLABRD32916734,0
113262HLABRD32906734,0
113690HLABRD3296,0
113704HLABRD32906730,0
113173HLABRD32876730,0
210374HLABRD3300,0
113403HLABRD3300,0
120865HLABRD,0
113263HLABRD3291,0
210313HLABRD3287,0
210313HLABRD3288,0
112881HLABRD3288,0
210321HLABRD,0
113449HLABRD3300,0
112881HLABRD3285,0
112881HLABRD3284,0
210276HLABRD,0
011959HLABRD,0
210386HLABRD3279,0
113229HLABRD3292,0
210293HLABRD,0
112805HLABRD3288,0
112860HLABRD32796734,0
112860HLABRD32796733,0
112980HLABRD,0
690117HLABRD2781,0
T01258   GBHLABRD,0
113086HLABRD,0
112405HLABRD32926735,0
113531HLABRD,0
113152HLABRD3287,0
113428HLABRD3289,0
113428HLABRD3288,0
113428HLABRD3285,0
113428HLABRD3287,0
210356HLABRD3279,0
113069HLABRD3296,0
210385HLABRD3279,0
113588HLABRD3296,0
210346HLABRD3295,0
210346HLABRD3294,0
210346HLABRD3291,0
210346HLABRD3290,0
210346HLABRD3292,0
113143HLABRD3284,0
113322HLABRD32926733,0
113143HLABRD3281,0
113143HLABRD3283,0
113233HLABRD,0
113361HLABRD3283,0
113432HLABRD,0
060549HLABRD1228,0
113362HLABRD3294,0
113652HLABRD3296,0
113388HLABRD3281,0
113388HLABRD3284,0
113388HLABRD3285,0
113388HLABRD3286,0
113388HLABRD3287,0
113388HLABRD3288,0
113388HLABRD3289,0
113459HLABRD32906730,0
113492HLABRD3300,0
112535HLABRD32906731,0
060605HLABRD3173,0
112865HLABRD32896733,0
210388HLABRD3291,0
110935HLABRD3287,0
113414HLABRD3300,0
110935HLABRD3284,0
112980HLABRD3279,0
113142HLABRD,0
113324HLABRD32916730,0
113239HLABRD,0
210289HLABRD3284,0
113190HLABRD3285,0
113146HLABRD3285,0
113360HLABRD3282,0
113360HLABRD3283,0
113360HLABRD3286,0
113446HLABRD3281,0
113446HLABRD3289,0
113446HLABRD3288,0
112793HLABRD3291,0
011763   PKGHLABRD,0
113145HLABRD3279,0
120887HLABRD,0
112839HLABRD3279,0
210241HLABRD3279,0
112800HLABRD3279,0
T01493   GBHLABRD,0
113144HLABRD3291,0
011820HLABRD,0
113397HLABRD3289,0
113365HLABRD3289,0
113365HLABRD3288,0
113365HLABRD3287,0
113365HLABRD3285,0
113365HLABRD3284,0
113097HLABRD3279,0
210306HLABRD3281,0
210355HLABRD3288,0
210355HLABRD3289,0
210355HLABRD3287,0
210373HLABRD3279,0
060492HLABRD7725,0
011804HLABRD2266,0
113566HLABRD3286,0
120944HLABRD3801,0
120840HLABRD3307,0
010414   PKGHLABRD,0
113179HLABRD32916733,0
113318HLABRD32866734,0
113476HLABRD3281,0
113422HLABRD3279,0
011633HLABRD,0
112982HLABRD3283,0
112982HLABRD3285,0
113267HLABRD3281,0
060546HLABRD,0
011819HLABRD,0
113321HLABRD32896734,0
112716HLABRD3284,0
112716HLABRD3285,0
112860HLABRD32916734,0
112860HLABRD32916733,0
113226HLABRD3290,0
210375HLABRD3292,0
210375HLABRD3291,0
210375HLABRD3290,0
210375HLABRD3296,0
210375HLABRD3295,0
210375HLABRD3294,0
113542HLABRD32946730,0
113438HLABRD3294,0
112839HLABRD3293,0
112839HLABRD3292,0
210333HLABRD3286,0
210333HLABRD3287,0
112839HLABRD3295,0
210333HLABRD3285,0
113145HLABRD3289,0
113145HLABRD3283,0
112800HLABRD3292,0
120850HLABRD,0
210406HLABRD3294,0
210406HLABRD3291,0
210287HLABRD3291,0
210287HLABRD3290,0
210328HLABRD3289,0
690186HLABRD8554,0
011955HLABRD,0
210374HLABRD3288,0
210374HLABRD3281,0
113422HLABRD3288,0
113314HLABRD3290,0
113421HLABRD3292,0
011717HLABRD1228,0
113226HLABRD3292,0
113261HLABRD32946731,0
113231HLABRD,0
113226HLABRD3291,0
112721HLABRD3279,0
113155HLABRD3291,0
113155HLABRD3290,0
690216HLABRD,0
113397HLABRD3279,0
113137HLABRD,0
011373   PKGHLABRD,0
113137HLABRD3281,0
010913   PKGHLABRD,0
113541HLABRD32966730,0
690192HLABRD,0
113054HLABRD3279,0
113701HLABRD32956730,0
011726HLABRD,0
113072HLABRD3284,0
113227HLABRD3292,0
113227HLABRD3291,0
690237HLABRD12238,0
113149HLABRD3285,0
210321HLABRD3287,0
210321HLABRD3281,0
113666HLABRD3279,0
011817HLABRD1228,0
112860HLABRD32946734,0
113548HLABRD3279,0
113545HLABRD32946732,0
112405HLABRD32896733,0
011713HLABRD3278,0
011618HLABRD,0
113537HLABRD3296,0
113537HLABRD3295,0
210384HLABRD3292,0
113395HLABRD32866733,0
113069HLABRD3279,0
120920HLABRD3804,0
120920HLABRD3805,0
120920HLABRD3806,0
690124HLABRD3926,0
011722   PKGHLABRD,0
113390HLABRD3293,0
120917HLABRD3803,0
120917HLABRD3806,0
120917HLABRD3804,0
120917HLABRD3805,0
113320HLABRD32866734,0
113470HLABRD3291,0
113470HLABRD3290,0
120765HLABRD,0
113067HLABRD,0
112980HLABRD3294,0
112980HLABRD3290,0
112980HLABRD3291,0
210329HLABRD3279,0
113050HLABRD,0
210352HLABRD3284,0
210352HLABRD3286,0
113717HLABRD3291,0
113560HLABRD3286,0
113717HLABRD3295,0
113545HLABRD32886732,0
210309HLABRD,0
113699HLABRD32856734,0
113389HLABRD3292,0
210276HLABRD3291,0
210276HLABRD3290,0
210276HLABRD3292,0
113257HLABRD3288,0
113337HLABRD3291,0
113337HLABRD3290,0
113337HLABRD3292,0
210314HLABRD3279,0
112865HLABRD32846734,0
210354HLABRD3290,0
210354HLABRD3291,0
112861HLABRD32926733,0
120844HLABRD3805,0
120844HLABRD3804,0
113195HLABRD3281,0
060455HLABRD,0
010805HLABRD,0
113458HLABRD,0
210322HLABRD3293,0
210322HLABRD3292,0
210322HLABRD3291,0
120909HLABRD3307,0
113541HLABRD32796730,0
113320HLABRD32816733,0
210241HLABRD3292,0
120892HLABRD,0
113090HLABRD3284,0
113660HLABRD3279,0
113219HLABRD32926734,0
011985HLABRD,0
113149HLABRD,0
112863HLABRD32926730,0
011808HLABRD,0
113616HLABRD3283,0
650836HLABRD,0
113704HLABRD32896730,0
113136HLABRD3286,0
210373HLABRD3291,0
210373HLABRD3290,0
210373HLABRD3292,0
210373HLABRD3294,0
112865HLABRD32796734,0
113173HLABRD32936732,0
113575HLABRD3300,0
SKULW1060HB,0
112799HLABRD,0
120876HLABRD3307,0
120876HLABRD3306,0
112860HLABRD32856734,0
113441HLABRD3295,0
113441HLABRD3290,0
210345HLABRD3288,0
650686HLABRD2781,0
650318HLABRD662,0
113534HLABRD3289,0
113534HLABRD3288,0
113534HLABRD3287,0
113534HLABRD3286,0
210310HLABRD,0
690237HLABRD12237,0
111703HLABRD32906732,0
210408HLABRD3279,0
011717HLABRD2266,0
011748   PKGHLABRD,0
210307HLABRD3300,0
113037HLABRD3296,0
113037HLABRD3290,0
113147HLABRD,0
210321HLABRD3289,0
210321HLABRD3288,0
120918HLABRD3286,0
120918HLABRD3285,0
120918HLABRD3284,0
120918HLABRD3283,0
120918HLABRD3282,0
112805HLABRD3286,0
113086HLABRD3288,0
113717HLABRD3279,0
011957HLABRD3278,0
011953HLABRD1896,0
060605HLABRD,0
113320HLABRD32796733,0
113320HLABRD32796734,0
112865HLABRD32916733,0
113542HLABRD32796732,0
113216HLABRD32896732,0
113550HLABRD3279,0
011702HLABRD1228,0
113401HLABRD3294,0
113401HLABRD3297,0
113401HLABRD3296,0
690216HLABRD1735,0
113182HLABRD32866733,0
113050HLABRD3291,0
011829HLABRD,0
113489HLABRD3286,0
113489HLABRD3287,0
060549HLABRD,0
210389HLABRD3285,0
120631HLABRD,0
120924HLABRD3283,0
113439HLABRD3290,0
113439HLABRD3295,0
010310HLABRD2155,0
113361HLABRD3282,0
113364HLABRD3290,0
113173HLABRD32916732,0
113364HLABRD3294,0
113173HLABRD32916731,0
113460HLABRD32916733,0
113444HLABRD3289,0
113508HLABRD3286,0
113508HLABRD3283,0
010283   PKGHLABRD,0
113508HLABRD3289,0
113426HLABRD3289,0
113426HLABRD3286,0
210226HLABRD3286,0
011931HLABRD,0
120850HLABRD3805,0
113358HLABRD3294,0
690192HLABRD2366,0
113427HLABRD3286,0
113427HLABRD3287,0
113427HLABRD3285,0
113427HLABRD3288,0
113427HLABRD3289,0
113445HLABRD3288,0
113445HLABRD3286,0
210323HLABRD,0
112850HLABRD3279,0
011890HLABRD7347,0
060477HLABRD,0
113319HLABRD32926733,0
113173HLABRD32866732,0
112865HLABRD32816734,0
113233HLABRD3291,0
112792HLABRD3279,0
011736HLABRD2155,0
113170HLABRD3283,0
113170HLABRD3286,0
113170HLABRD3288,0
060492HLABRD2781,0
113220HLABRD3289,0
113220HLABRD3288,0
113220HLABRD3283,0
113220HLABRD3281,0
113220HLABRD3285,0
113220HLABRD3284,0
010788   PKGHLABRD,0
010068HLABRD2781,0
120886HLABRD,0
113221HLABRD3281,0
113221HLABRD3286,0
113221HLABRD3289,0
113148HLABRD3279,0
011957HLABRD,0
113013HLABRD32956732,0
650617HLABRD2699,0
113442HLABRD3287,0
112972HLABRD3294,0
113169HLABRD3281,0
113169HLABRD3283,0
113169HLABRD3284,0
113097HLABRD3290,0
113097HLABRD3291,0
112805HLABRD3292,0
112805HLABRD3293,0
112805HLABRD3290,0
112805HLABRD3291,0
112805HLABRD3296,0
112805HLABRD3294,0
112805HLABRD3295,0
113704HLABRD32916730,0
113456HLABRD3288,0
113456HLABRD3281,0
113469HLABRD3284,0
113469HLABRD3286,0
113469HLABRD3287,0
113469HLABRD3289,0
120935HLABRD3806,0
113227HLABRD,0
690126HLABRD2833,0
113394HLABRD3289,0
113394HLABRD3288,0
113394HLABRD3287,0
113394HLABRD3286,0
113394HLABRD3285,0
113394HLABRD3284,0
113530HLABRD3281,0
011656   PKGHLABRD,0
113703HLABRD32906732,0
112805HLABRD3281,0
011400   PKGHLABRD,0
113143HLABRD,0
120909HLABRD3284,0
120909HLABRD3286,0
113422HLABRD3290,0
650760HLABRD3057,0
113173HLABRD32876732,0
113701HLABRD32916732,0
112860HLABRD32906733,0
112860HLABRD32906734,0
113542HLABRD32886732,0
210307HLABRD,0
120920HLABRD3801,0
113403HLABRD3279,0
T01427   GBHLABRD,0
010068HLABRD,0
113322HLABRD32796734,0
113430HLABRD3288,0
113430HLABRD3289,0
113430HLABRD3286,0
113430HLABRD3287,0
113430HLABRD3285,0
011887HLABRD,0
113013HLABRD32896732,0
210385HLABRD3290,0
120938HLABRD3286,0
120918HLABRD,0
113224HLABRD3290,0
113224HLABRD3291,0
120905HLABRD3286,0
210328HLABRD3287,0
210328HLABRD3285,0
210328HLABRD3283,0
112881HLABRD,0
120929HLABRD3283,0
120929HLABRD3282,0
120929HLABRD3281,0
120929HLABRD3284,0
113053HLABRD3290,0
113053HLABRD3291,0
120877HLABRD3307,0
210290HLABRD3289,0
113156HLABRD3279,0
120917HLABRD3282,0
120917HLABRD3283,0
120917HLABRD3284,0
120917HLABRD3285,0
120917HLABRD3286,0
113424HLABRD3290,0
113550HLABRD3281,0
112405HLABRD32796734,0
113671HLABRD3279,0
113397HLABRD3291,0
113397HLABRD3290,0
113713HLABRD32926732,0
113301HLABRD3290,0
113301HLABRD3291,0
011826HLABRD1228,0
011702HLABRD,0
210343HLABRD3289,0
210343HLABRD3288,0
210343HLABRD3287,0
210343HLABRD3286,0
210343HLABRD3285,0
112860HLABRD32896733,0
112860HLABRD32896734,0
113062HLABRD,0
113173HLABRD32906732,0
112791HLABRD3290,0
112791HLABRD3291,0
113222HLABRD3292,0
113222HLABRD3291,0
210282HLABRD3300,0
113556HLABRD32896733,0
210447HLABRD3284,0
110898HLABRD3288,0
113172HLABRD,0
110898HLABRD3285,0
110898HLABRD3287,0
110898HLABRD3286,0
010855   PKGHLABRD,0
113318HLABRD32926735,0
113318HLABRD32926733,0
210293HLABRD3289,0
210293HLABRD3288,0
210297HLABRD,0
011740HLABRD,0
T01435   GBHLABRD,0
113214HLABRD32976732,0
113214HLABRD32976730,0
120905HLABRD3805,0
011378HLABRD,0
113262HLABRD32846734,0
112155HLABRD32856730,0
011735HLABRD2155,0
113050HLABRD3279,0
113225HLABRD3291,0
113225HLABRD3292,0
113458HLABRD3279,0
011826HLABRD,0
113470HLABRD3294,0
120919HLABRD3804,0
120919HLABRD3805,0
120919HLABRD3806,0
120919HLABRD3801,0
650758HLABRD8533,0
011959HLABRD2155,0
113135HLABRD3281,0
210386HLABRD3289,0
113023HLABRD3291,0
210310HLABRD3289,0
120877HLABRD3802,0
210308HLABRD3279,0
210307HLABRD3294,0
113337HLABRD3279,0
210307HLABRD3288,0
113173HLABRD32966731,0
113675HLABRD,0
112792HLABRD3291,0
112792HLABRD3290,0
112984HLABRD3285,0
112984HLABRD3286,0
111703HLABRD32936732,0
011760   PKGHLABRD,0
120892HLABRD3282,0
120892HLABRD3283,0
120892HLABRD3284,0
120892HLABRD3285,0
120892HLABRD3286,0
210286HLABRD3287,0
210286HLABRD3286,0
210286HLABRD3281,0
113587HLABRD3286,0
210286HLABRD3289,0
210286HLABRD3288,0
HOCHM1075D,0
112861HLABRD,0
113391HLABRD3279,0
113656HLABRD3291,0
210330HLABRD3289,0
210330HLABRD3288,0
120946HLABRD3806,0
120946HLABRD3803,0
113273HLABRD3287,0
113273HLABRD3286,0
112716HLABRD3279,0
113173HLABRD32956730,0
120865HLABRD3802,0
113189HLABRD3289,0
113189HLABRD3287,0
113049HLABRD3281,0
113194HLABRD,0
113429HLABRD3284,0
113429HLABRD3285,0
113429HLABRD3286,0
113429HLABRD3287,0
210308HLABRD3291,0
011872   PKGHLABRD,0
210337HLABRD3290,0
210333HLABRD3279,0
210337HLABRD3292,0
210408HLABRD3291,0
210408HLABRD3293,0
113013HLABRD32796732,0
113214HLABRD32816730,0
690237HLABRD,0
120917HLABRD3306,0
210286HLABRD3290,0
113548HLABRD3288,0
113716HLABRD3281,0
113666HLABRD3292,0
113666HLABRD3293,0
113666HLABRD3290,0
113666HLABRD3291,0
113666HLABRD3294,0
113666HLABRD3295,0
113218HLABRD32926733,0
113324HLABRD32816732,0
113318HLABRD32896734,0
113548HLABRD3295,0
113548HLABRD3294,0
113548HLABRD3296,0
113548HLABRD3291,0
113548HLABRD3293,0
113548HLABRD3292,0
113351HLABRD3294,0
113320HLABRD32886734,0
113351HLABRD3296,0
011771   PKGHLABRD,0
060451HLABRD,0
113701HLABRD32936730,0
113155HLABRD3286,0
210352HLABRD3279,0
113155HLABRD3287,0
112979HLABRD3289,0
112979HLABRD3288,0
113142HLABRD3281,0
112792HLABRD,0
113226HLABRD,0
061200HLABRD1228,0
210375HLABRD3279,0
113401HLABRD3279,0
113678HLABRD3289,0
113403HLABRD,0
112805HLABRD3300,0
113455HLABRD3291,0
113671HLABRD3290,0
210289HLABRD,0
113432HLABRD3288,0
113432HLABRD3289,0
113432HLABRD3285,0
113432HLABRD3286,0
113432HLABRD3287,0
113459HLABRD32916730,0
113629HLABRD3290,0
690201HLABRD,0
120831HLABRD3286,0
210301HLABRD3292,0
112850HLABRD3292,0
210398HLABRD3288,0
011850HLABRD2781,0
120892HLABRD3801,0
113675HLABRD3289,0
210253HLABRD3289,0
210372HLABRD3287,0
210372HLABRD3286,0
210295HLABRD3288,0
011965HLABRD,0
010292   PKGHLABRD,0
650759HLABRD,0
113320HLABRD32896734,0
210384HLABRD3290,0
113363HLABRD3294,0
113496HLABRD3292,0
113157HLABRD3288,0
113157HLABRD3289,0
113157HLABRD3287,0
113157HLABRD3284,0
112860HLABRD32866733,0
011965HLABRD2155,0
060366HLABRD2781,0
120631HLABRD3306,0
113181HLABRD32906734,0
113219HLABRD32916734,0
113173HLABRD32896732,0
113701HLABRD32906730,0
113676HLABRD3293,0
011953HLABRD,0
011702HLABRD3278,0
113262HLABRD32876734,0
112457HLABRD3285,0
112457HLABRD3287,0
113158HLABRD,0
112720HLABRD3290,0
112720HLABRD3291,0
113717HLABRD3288,0
113717HLABRD3289,0
113551HLABRD32846734,0
120900HLABRD,0
210241HLABRD3288,0
210241HLABRD3289,0
210241HLABRD3285,0
210241HLABRD3286,0
210241HLABRD3287,0
210241HLABRD3281,0
113136HLABRD3279,0
113541HLABRD32796732,0
670196HLABRD1228,0
210307HLABRD3281,0
113403HLABRD3296,0
113403HLABRD3295,0
113403HLABRD3294,0
113403HLABRD3293,0
113403HLABRD3292,0
113403HLABRD3291,0
113403HLABRD3290,0
113542HLABRD32896732,0
210307HLABRD3289,0
112839HLABRD3300,0
113438HLABRD3292,0
113433HLABRD3285,0
113433HLABRD3286,0
113433HLABRD3289,0
113433HLABRD3288,0
120953HLABRD3306,0
113450HLABRD,0
120840HLABRD3283,0
210344HLABRD3279,0
113172HLABRD3287,0
113172HLABRD3289,0
113218HLABRD32846734,0
060477HLABRD1228,0
210358HLABRD3294,0
011432   PKGHLABRD,0
113319HLABRD32876735,0
060569HLABRD,0
113156HLABRD3290,0
113156HLABRD3291,0
113174HLABRD32966731,0
113550HLABRD3292,0
113550HLABRD3290,0
113550HLABRD3291,0
113451HLABRD3279,0
113550HLABRD3294,0
113550HLABRD3295,0
120928HLABRD3282,0
120928HLABRD3281,0
112984HLABRD3284,0
T00726   GBHLABRD,0
113270HLABRD3290,0
113232HLABRD3291,0
113232HLABRD3290,0
120929HLABRD,0
011998HLABRD1562,0
120920HLABRD3283,0
120920HLABRD3284,0
120920HLABRD3285,0
113218HLABRD32906733,0
113492HLABRD3294,0
113492HLABRD3296,0
210332HLABRD3295,0
113129HLABRD,0
210318HLABRD3300,0
210323HLABRD3288,0
210323HLABRD3287,0
210323HLABRD3286,0
T01122   GBHLABRD,0
010214HLABRD,0
060366HLABRD1228,0
210338HLABRD3292,0
120929HLABRD3306,0
120929HLABRD3307,0
120831HLABRD,0
113712HLABRD32896732,0
011467HLABRD,0
113712HLABRD32906732,0
T01850   GBHLABRD,0
120887HLABRD3804,0
010390   PKGHLABRD,0
210344HLABRD3292,0
113215HLABRD32796730,0
113704HLABRD32966732,0
112721HLABRD3286,0
113453HLABRD3287,0
113218HLABRD32886733,0
210369HLABRD3287,0
011142HLABRD,0
690237HLABRD4903,0
011850HLABRD,0
120900HLABRD3802,0
113263HLABRD3281,0
113263HLABRD3283,0
113263HLABRD3289,0
060579HLABRD,0
010310HLABRD,0
112881HLABRD3290,0
113229HLABRD3285,0
010186   PKGHLABRD,0
113217HLABRD32856733,0
650686HLABRD2509,0
113428HLABRD3292,0
113428HLABRD3290,0
010791HLABRD,0
011717HLABRD1478,0
113588HLABRD3286,0
113588HLABRD3287,0
210346HLABRD3286,0
210346HLABRD3287,0
113143HLABRD3291,0
011931HLABRD1228,0
011250   PKGHLABRD,0
112861HLABRD32896733,0
113362HLABRD3288,0
210241HLABRD,0
113362HLABRD3282,0
113362HLABRD3283,0
113652HLABRD3289,0
113054HLABRD3281,0
113541HLABRD32956730,0
113054HLABRD3285,0
113054HLABRD3286,0
113054HLABRD3288,0
SKULW1110HB,0
113455HLABRD,0
210388HLABRD3289,0
113218HLABRD32856734,0
060546HLABRD2781,0
113173HLABRD33006731,0
113320HLABRD,0
112881HLABRD3281,0
112800HLABRD,0
112881HLABRD3286,0
113053HLABRD3279,0
113446HLABRD3293,0
113446HLABRD3296,0
113215HLABRD32916732,0
113214HLABRD32956730,0
120886HLABRD3306,0
210345HLABRD3284,0
113553HLABRD32866733,0
113430HLABRD3279,0
113400HLABRD3297,0
113400HLABRD3292,0
120924HLABRD3804,0
113234HLABRD3283,0
210312HLABRD3287,0
210309HLABRD3291,0
120837HLABRD,0
113490HLABRD3289,0
113490HLABRD3287,0
113148HLABRD3287,0
113148HLABRD3285,0
113447HLABRD3296,0
113447HLABRD3291,0
120920HLABRD3306,0
113365HLABRD3291,0
113388HLABRD3292,0
113388HLABRD3291,0
113388HLABRD3290,0
SKULW1105HB,0
113553HLABRD32816734,0
112908HLABRD3291,0
113393HLABRD3293,0
113393HLABRD3291,0
HOCOM3135D,0
690147HLABRD7077,0
113534HLABRD,0
113218HLABRD32836734,0
113214HLABRD32926730,0
120928HLABRD3801,0
120928HLABRD3802,0
112405HLABRD32886734,0
120928HLABRD3803,0
T01426   GBHLABRD,0
112982HLABRD3290,0
113456HLABRD3292,0
210289HLABRD3291,0
011655   PKGHLABRD,0
113154HLABRD3279,0
061200HLABRD2408,0
011857HLABRD,0
SKULW1065HB,0
112793HLABRD3287,0
112793HLABRD3281,0
112793HLABRD3289,0
112793HLABRD3288,0
113173HLABRD32886732,0
210375HLABRD3281,0
210375HLABRD3289,0
113448HLABRD3296,0
112839HLABRD3288,0
112839HLABRD3289,0
112839HLABRD3281,0
112839HLABRD3287,0
113431HLABRD3292,0
113065HLABRD,0
113320HLABRD32876734,0
113717HLABRD,0
060366HLABRD,0
210416HLABRD3292,0
113215HLABRD32896732,0
011931HLABRD2781,0
011380HLABRD,0
210374HLABRD3294,0
210374HLABRD3295,0
210374HLABRD3292,0
210374HLABRD3291,0
113459HLABRD32896730,0
210355HLABRD3290,0
011826HLABRD7725,0
210282HLABRD3295,0
210282HLABRD3296,0
113421HLABRD3288,0
113421HLABRD3284,0
113421HLABRD3285,0
113421HLABRD3286,0
113421HLABRD3287,0
113219HLABRD32816734,0
113391HLABRD3295,0
113344HLABRD3290,0
011790HLABRD,0
113553HLABRD32796734,0
650686HLABRD1228,0
113054HLABRD3289,0
113476HLABRD3291,0
113267HLABRD3293,0
112716HLABRD3290,0
113531HLABRD3279,0
210297HLABRD3292,0
112860HLABRD32926734,0
113548HLABRD3289,0
113227HLABRD3288,0
113227HLABRD3289,0
113227HLABRD3281,0
011726HLABRD1478,0
011717HLABRD,0
011935   PKGHLABRD,0
113713HLABRD33006730,0
210321HLABRD3294,0
210321HLABRD3295,0
113145HLABRD3286,0
112070HLABRD,0
210333HLABRD3291,0
210333HLABRD3290,0
210333HLABRD3292,0
690186HLABRD8555,0
113221HLABRD,0
113219HLABRD32796733,0
113552HLABRD32796733,0
113321HLABRD32916734,0
112159HLABRD32886739,0
113539HLABRD3300,0
650836HLABRD1439,0
112720HLABRD,0
210308HLABRD3290,0
112979HLABRD3279,0
113314HLABRD3285,0
113447HLABRD3294,0
210289HLABRD3279,0
113447HLABRD3289,0
011818HLABRD1228,0
060492HLABRD,0
113293HLABRD,0
011998HLABRD,0
110935HLABRD3279,0
210337HLABRD3293,0
210337HLABRD3294,0
120953HLABRD3282,0
120953HLABRD3283,0
120953HLABRD3284,0
113469HLABRD,0
210352HLABRD3292,0
113054HLABRD,0
113675HLABRD3281,0
113337HLABRD3286,0
113337HLABRD3287,0
113337HLABRD3284,0
113337HLABRD3285,0
113337HLABRD3283,0
113337HLABRD3281,0
113337HLABRD3288,0
113337HLABRD3289,0
113086HLABRD3284,0
113068HLABRD3290,0
650686HLABRD,0
113135HLABRD3279,0
113675HLABRD3279,0
011713HLABRD1228,0
120919HLABRD3284,0
120919HLABRD3282,0
210338HLABRD3279,0
210322HLABRD3281,0
210322HLABRD3288,0
113214HLABRD32816732,0
060492HLABRD1228,0
210286HLABRD3279,0
111703HLABRD33006730,0
120877HLABRD3286,0
120877HLABRD3284,0
120877HLABRD3283,0
120877HLABRD3282,0
113320HLABRD32916733,0
113400HLABRD3279,0
113293HLABRD3288,0
113540HLABRD32936732,0
113417HLABRD3285,0
113173HLABRD32956732,0
210351HLABRD3284,0
113450HLABRD3295,0
113453HLABRD3295,0
113365HLABRD3279,0
113215HLABRD32886730,0
010696   PKGHLABRD,0
113390HLABRD3281,0
210373HLABRD3288,0
210373HLABRD3289,0
210373HLABRD3281,0
112070HLABRD3285,0
112070HLABRD3284,0
120892HLABRD3802,0
120892HLABRD3803,0
120892HLABRD3806,0
120892HLABRD3804,0
120892HLABRD3805,0
112721HLABRD,0
112860HLABRD32866734,0
210345HLABRD3292,0
112980HLABRD3281,0
112980HLABRD3283,0
112980HLABRD3282,0
112980HLABRD3285,0
112980HLABRD3284,0
112980HLABRD3287,0
112980HLABRD3286,0
112980HLABRD3289,0
112980HLABRD3288,0
113310HLABRD3291,0
011712   PKGHLABRD,0
113491HLABRD3295,0
113315HLABRD3279,0
011460   PKGHLABRD,0
113534HLABRD3290,0
113534HLABRD3291,0
113181HLABRD32866734,0
113134HLABRD3293,0
112881HLABRD3279,0
011804HLABRD,0
120946HLABRD3282,0
113617HLABRD3296,0
011826HLABRD2781,0
650686HLABRD7044,0
113049HLABRD,0
650617HLABRD,0
060605HLABRD2408,0
113323HLABRD32896733,0
210388HLABRD3290,0
210388HLABRD3296,0
113318HLABRD32856734,0
113086HLABRD3291,0
113393HLABRD3289,0
060605HLABRD1228,0
112716HLABRD,0
113090HLABRD3291,0
113090HLABRD3290,0
113160HLABRD3293,0
113160HLABRD3292,0
113160HLABRD3294,0
113713HLABRD32886732,0
113147HLABRD3284,0
113147HLABRD3287,0
120837HLABRD3803,0
120953HLABRD3803,0
113401HLABRD3287,0
113234HLABRD,0
060536HLABRD,0
010033HLABRD2408,0
650686HLABRD2266,0
113361HLABRD3294,0
113136HLABRD,0
113704HLABRD33006730,0
113364HLABRD3286,0
113364HLABRD3287,0
113364HLABRD3284,0
113364HLABRD3285,0
113364HLABRD3283,0
113364HLABRD3288,0
113364HLABRD3289,0
113444HLABRD3294,0
113444HLABRD3295,0
113219HLABRD32886734,0
113219HLABRD32886733,0
113486HLABRD3294,0
210323HLABRD3279,0
120918HLABRD3804,0
011148HLABRD,0
113429HLABRD3279,0
113538HLABRD3289,0
113538HLABRD3288,0
113538HLABRD3286,0
113223HLABRD,0
210344HLABRD3291,0
011711   PKGHLABRD,0
120892HLABRD3307,0
120892HLABRD3306,0
113149HLABRD3279,0
113548HLABRD3290,0
113037HLABRD3285,0
113219HLABRD32866734,0
113220HLABRD3290,0
113220HLABRD3291,0
111318HLABRD3288,0
113489HLABRD3288,0
011120HLABRD,0
113257HLABRD,0
113215HLABRD32866732,0
113023HLABRD,0
113442HLABRD3295,0
113429HLABRD3290,0
120866HLABRD3803,0
120866HLABRD3802,0
T01438   GBHLABRD,0
113489HLABRD3293,0
120919HLABRD3306,0
113318HLABRD32816734,0
113318HLABRD32816735,0
113318HLABRD32816733,0
113262HLABRD32886733,0
113262HLABRD32886734,0
113439HLABRD3289,0
113439HLABRD3281,0
113439HLABRD3292,0
113439HLABRD3285,0
113439HLABRD3293,0
113394HLABRD3294,0
113065HLABRD3283,0
113394HLABRD3290,0
113394HLABRD3291,0
113358HLABRD3282,0
113427HLABRD3290,0
113321HLABRD32876734,0
113445HLABRD3295,0
113086HLABRD3279,0
210306HLABRD,0
113364HLABRD3291,0
113173HLABRD32796731,0
011804HLABRD1228,0
113233HLABRD3284,0
210373HLABRD3300,0
011378HLABRD2155,0
112799HLABRD3283,0
690174HLABRD,0
113232HLABRD,0
113499HLABRD3283,0
113057HLABRD3286,0
113221HLABRD3291,0
113221HLABRD3290,0
113221HLABRD3292,0
120929HLABRD3294,0
120929HLABRD3295,0
113261HLABRD32936731,0
120954HLABRD3804,0
210374HLABRD3279,0
011429   PKGHLABRD,0
113097HLABRD3287,0
113097HLABRD3286,0
120885HLABRD32843280,0
112805HLABRD3289,0
112805HLABRD3287,0
113097HLABRD3289,0
113097HLABRD3288,0
113469HLABRD3290,0
120765HLABRD3307,0
113229HLABRD3279,0
113182HLABRD32816734,0
113553HLABRD32886733,0
113553HLABRD32886734,0
113397HLABRD3284,0
113397HLABRD3285,0
113397HLABRD3286,0
113397HLABRD3287,0
120876HLABRD3806,0
113397HLABRD3288,0
112865HLABRD32906733,0
113222HLABRD,0
T01425   GBHLABRD,0
113322HLABRD32916733,0
113322HLABRD32916734,0
210387HLABRD3290,0
113216HLABRD32886732,0
113422HLABRD3287,0
113422HLABRD3286,0
113422HLABRD3285,0
113422HLABRD3289,0
112159HLABRD32916739,0
120866HLABRD3306,0
113321HLABRD32796734,0
113541HLABRD32946730,0
113541HLABRD32946732,0
113321HLABRD32856734,0
113321HLABRD32856733,0
210297HLABRD3279,0
113423HLABRD3285,0
113423HLABRD3283,0
120877HLABRD,0
011713HLABRD3778,0
113262HLABRD32896733,0
113144HLABRD3285,0
113144HLABRD3288,0
113144HLABRD3289,0
113430HLABRD3290,0
113430HLABRD3292,0
113445HLABRD3281,0
210293HLABRD3290,0
210293HLABRD3291,0
113462HLABRD3289,0
113262HLABRD32796733,0
113221HLABRD3279,0
113214HLABRD32966732,0
113224HLABRD3288,0
210328HLABRD3290,0
060492HLABRD7347,0
113451HLABRD3281,0
120631HLABRD3285,0
120631HLABRD3283,0
120631HLABRD3282,0
113400HLABRD3286,0
011735HLABRD,0
113388HLABRD3279,0
113223HLABRD3290,0
113238HLABRD,0
113225HLABRD3289,0
113225HLABRD3287,0
113225HLABRD3283,0
113424HLABRD3289,0
113424HLABRD3285,0
113424HLABRD3286,0
113666HLABRD3281,0
113553HLABRD32896733,0
113460HLABRD32796734,0
210310HLABRD3290,0
210241HLABRD3300,0
113717HLABRD3300,0
210330HLABRD3279,0
113301HLABRD3289,0
113301HLABRD3288,0
011890HLABRD,0
113301HLABRD3283,0
113301HLABRD3285,0
113539HLABRD3289,0
112860HLABRD32886734,0
112860HLABRD32886733,0
113146HLABRD3279,0
113454HLABRD3300,0
112982HLABRD3279,0
210307HLABRD3295,0
210307HLABRD3290,0
210307HLABRD3291,0
210307HLABRD3292,0
210307HLABRD3293,0
113222HLABRD3288,0
112791HLABRD3281,0
112791HLABRD3283,0
113222HLABRD3281,0
113222HLABRD3283,0
113222HLABRD3284,0
112984HLABRD3291,0
113273HLABRD3288,0
112792HLABRD3288,0
112792HLABRD3289,0
112792HLABRD3287,0
112792HLABRD3284,0
112792HLABRD3281,0
210286HLABRD3292,0
112984HLABRD,0
113448HLABRD3279,0
113172HLABRD3279,0
210293HLABRD3279,0
113431HLABRD3279,0
011068HLABRD,0
690216HLABRD2781,0
113179HLABRD32876735,0
113323HLABRD32876733,0
120852HLABRD3284,0
120852HLABRD3286,0
120918HLABRD3306,0
120918HLABRD3307,0
113320HLABRD32906734,0
113656HLABRD3286,0
113656HLABRD3287,0
650760HLABRD,0
113215HLABRD32926732,0
060455HLABRD1228,0
210330HLABRD3296,0
210330HLABRD3290,0
210329HLABRD3287,0
210329HLABRD3286,0
112839HLABRD3297,0
113395HLABRD32886733,0
113458HLABRD3281,0
112839HLABRD3294,0
113394HLABRD3279,0
120843HLABRD3284,0
112860HLABRD32876733,0
112860HLABRD32876734,0
210386HLABRD3291,0
113545HLABRD32966730,0
111703HLABRD32856730,0
113189HLABRD3290,0
120896HLABRD,0
011808HLABRD3173,0
011550HLABRD,0
210337HLABRD3281,0
210337HLABRD3288,0
210337HLABRD3289,0
113129HLABRD3281,0
120889HLABRD3802,0
690161HLABRD7680,0
113218HLABRD32946734,0
113231HLABRD3291,0
113531HLABRD3291,0
010872   PKGHLABRD,0
112972HLABRD,0
113425HLABRD3281,0
113425HLABRD3283,0
113425HLABRD3284,0
113425HLABRD3286,0
113548HLABRD3281,0
113552HLABRD32926733,0
113053HLABRD,0
113713HLABRD32816732,0
113395HLABRD32896733,0
120678HLABRD3801,0
120678HLABRD3805,0
210353HLABRD3294,0
210353HLABRD3293,0
120944HLABRD3307,0
112155HLABRD,0
011808HLABRD1228,0
060455HLABRD2781,0
011729   PKGHLABRD,0
113354HLABRD32866730,0
112793HLABRD3279,0
210307HLABRD3279,0
113223HLABRD3287,0
113432HLABRD3279,0
113219HLABRD32896734,0
120918HLABRD3805,0
120918HLABRD3806,0
120918HLABRD3801,0
120918HLABRD3803,0
120918HLABRD3802,0
113215HLABRD32796732,0
113321HLABRD32906733,0
113182HLABRD32846733,0
210407HLABRD3279,0
113429HLABRD3292,0
113429HLABRD3291,0
210376HLABRD3289,0
210398HLABRD3290,0
210398HLABRD3291,0
210398HLABRD3293,0
113037HLABRD,0
210290HLABRD,0
113427HLABRD3292,0
113553HLABRD32856733,0
113745HLABRD3281,0
113158HLABRD3285,0
113158HLABRD3287,0
113391HLABRD3289,0
011955HLABRD1228,0
113675HLABRD3292,0
113675HLABRD3293,0
113675HLABRD3290,0
113675HLABRD3291,0
113675HLABRD3296,0
113675HLABRD3294,0
113675HLABRD3295,0
112839HLABRD3286,0
113214HLABRD32936730,0
113471HLABRD3291,0
113215HLABRD32906732,0
113666HLABRD3289,0
011694HLABRD,0
210384HLABRD3281,0
210331HLABRD3289,0
113496HLABRD3286,0
113496HLABRD3289,0
120852HLABRD,0
120938HLABRD3307,0
210276HLABRD3279,0
011988HLABRD,0
010683HLABRD,0
112850HLABRD,0
210331HLABRD3286,0
113432HLABRD3291,0
113432HLABRD3290,0
113025HLABRD3291,0
120888HLABRD3306,0
113053HLABRD3289,0
113671HLABRD3287,0
113671HLABRD3286,0
113671HLABRD3288,0
